SAMPLE,DESCRIP,NUMBER,TAKEOFF,KILOVOLT,CURRENT,BEAMSIZE,LINE,REL_LINE,Zn_WT_PCT,S_WT_PCT,Ga_WT_PCT,Ge_WT_PCT,Mn_WT_PCT,Co_WT_PCT,Fe_WT_PCT,As_WT_PCT,Se_WT_PCT,Cd_WT_PCT,Cu_WT_PCT,Ni_WT_PCT,Sb_WT_PCT,Ag_WT_PCT,Pb_WT_PCT,TOTAL,Zn_AT_PCT,S_AT_PCT,Ga_AT_PCT,Ge_AT_PCT,Mn_AT_PCT,Co_AT_PCT,Fe_AT_PCT,As_AT_PCT,Se_AT_PCT,Cd_AT_PCT,Cu_AT_PCT,Ni_AT_PCT,Sb_AT_PCT,Ag_AT_PCT,Pb_AT_PCT,FORMULA,BASIS,Zn_FORMULA,S_FORMULA,Ga_FORMULA,Ge_FORMULA,Mn_FORMULA,Co_FORMULA,Fe_FORMULA,As_FORMULA,Se_FORMULA,Cd_FORMULA,Cu_FORMULA,Ni_FORMULA,Sb_FORMULA,Ag_FORMULA,Pb_FORMULA,Zn_CDL99,S_CDL99,Ga_CDL99,Ge_CDL99,Mn_CDL99,Co_CDL99,Fe_CDL99,As_CDL99,Se_CDL99,Cd_CDL99,Cu_CDL99,Ni_CDL99,Sb_CDL99,Ag_CDL99,Pb_CDL99,DATETIME
C55STJ4_ZnS_1,N/A,16,40,20,100,10,255,1,66.678,33.252,0.036,0.01,0.002,0.005,0.204,-0.002,0,0.228,-0.007,-0.031,0.007,0.004,,100.387,49.444,50.27,0.025,0.007,0.002,0.004,0.177,-0.001,0,0.098,-0.005,-0.026,0.003,0.002,,1,S,0.9836,1,0.0005,0.0001,0,0.0001,0.0035,0,0,0.002,-0.0001,-0.0005,0.0001,0,,0.0271,0.0042,0.0067,0.0088,0.0034,0.0037,0.0035,0.0086,0.0076,0.018,0.0177,0.0103,0.0105,0.0179,,11/30/2017
C55STJ4_ZnS_1,N/A,16,40,20,100,10,256,2,67.346,33.127,0.024,0.001,0.007,0.001,0.191,-0.007,-0.009,0.204,-0.005,-0.019,-0.007,0.003,,100.857,49.806,49.947,0.017,0.001,0.006,0.001,0.166,-0.005,-0.005,0.088,-0.004,-0.016,-0.003,0.002,,1,S,0.9972,1,0.0003,0,0.0001,0,0.0033,-0.0001,-0.0001,0.0018,-0.0001,-0.0003,-0.0001,0,,0.0271,0.0042,0.0067,0.0088,0.0034,0.0037,0.0035,0.0086,0.0076,0.018,0.0177,0.0102,0.0105,0.0179,,11/30/2017
C12ADM2_ZnS_1,N/A,17,40,20,100,10,257,1,66.809,32.397,0.071,0.023,-0.001,0,0.239,0.006,0.004,0.079,0.107,-0.003,-0.024,-0.028,,99.679,50.099,49.529,0.05,0.016,-0.001,0,0.209,0.004,0.002,0.034,0.083,-0.002,-0.01,-0.013,,1,S,1.0115,1,0.001,0.0003,0,0,0.0042,0.0001,0,0.0007,0.0017,-0.0001,-0.0002,-0.0003,,0.027,0.0042,0.0067,0.0088,0.0034,0.0037,0.0035,0.0086,0.0076,0.018,0.0177,0.0102,0.0105,0.0179,,11/30/2017
C12ADM2_ZnS_1,N/A,17,40,20,100,10,262,6,66.823,33.125,0.026,0.008,0,0.004,0.229,-0.001,0.005,0.216,-0.006,-0.024,0.015,-0.015,,100.405,49.588,50.115,0.018,0.005,0,0.003,0.199,-0.001,0.003,0.093,-0.005,-0.019,0.006,-0.007,,1,S,0.9895,1,0.0004,0.0001,0,0.0001,0.004,0,0.0001,0.0019,-0.0001,-0.0004,0.0001,-0.0001,,0.027,0.0042,0.0067,0.0088,0.0034,0.0037,0.0035,0.0085,0.0076,0.018,0.0177,0.0102,0.0105,0.0179,,11/30/2017
C12ADM2_ZnS_1,N/A,17,40,20,100,10,263,7,65.079,33.049,0.005,-0.007,-0.007,-0.007,0.226,0.064,0.061,0.285,-0.012,-0.031,0.037,0.088,,98.828,48.931,50.66,0.003,-0.005,-0.007,-0.006,0.199,0.042,0.038,0.124,-0.01,-0.026,0.015,0.04,,1,S,0.9659,1,0.0001,-0.0001,-0.0001,-0.0001,0.0039,0.0008,0.0008,0.0025,-0.0002,-0.0005,0.0003,0.0008,,0.027,0.0042,0.0067,0.0088,0.0034,0.0037,0.0035,0.0085,0.0075,0.018,0.0177,0.0103,0.0105,0.0179,,11/30/2017
C12ADM2_ZnS_1,N/A,17,40,20,100,10,264,8,67.022,31.342,0.013,-0.004,-0.007,-0.003,0.201,0.067,0.06,0.185,0.044,-0.005,-0.008,0,,98.907,51.005,48.628,0.009,-0.003,-0.006,-0.003,0.179,0.045,0.038,0.082,0.034,-0.005,-0.003,0,,1,S,1.0489,1,0.0002,-0.0001,-0.0001,-0.0001,0.0037,0.0009,0.0008,0.0017,0.0007,-0.0001,-0.0001,0,,0.027,0.0042,0.0067,0.0088,0.0034,0.0037,0.0035,0.0086,0.0076,0.018,0.0177,0.0102,0.0105,0.0179,,11/30/2017
C12ADM2_ZnS_1,N/A,17,40,20,100,10,266,10,66.843,33.046,0.04,0.006,-0.001,0.003,0.179,-0.021,-0.016,0.193,-0.008,-0.043,0.007,-0.001,,100.227,49.699,50.092,0.028,0.004,-0.001,0.003,0.156,-0.014,-0.01,0.083,-0.006,-0.035,0.003,-0.001,,1,S,0.9922,1,0.0006,0.0001,0,0.0001,0.0031,-0.0003,-0.0002,0.0017,-0.0001,-0.0007,0.0001,0,,0.027,0.0042,0.0067,0.0088,0.0034,0.0037,0.0035,0.0086,0.0076,0.018,0.0177,0.0102,0.0105,0.0179,,11/30/2017
C12ADM2_ZnS_2,N/A,18,40,20,100,10,268,2,66.477,34.4,0.034,0.004,-0.006,-0.008,0.166,0.064,0.059,0.548,0.003,-0.023,0.073,0.126,,101.917,48.403,51.065,0.023,0.003,-0.005,-0.006,0.142,0.041,0.035,0.232,0.002,-0.019,0.029,0.056,,1,S,0.9479,1,0.0005,0.0001,-0.0001,-0.0001,0.0028,0.0008,0.0007,0.0045,0,-0.0004,0.0006,0.0011,,0.027,0.0042,0.0067,0.0088,0.0034,0.0037,0.0035,0.0085,0.0075,0.018,0.0177,0.0103,0.0105,0.0179,,11/30/2017
C12ADM2_ZnS_2,N/A,18,40,20,100,10,269,3,67.345,33.163,0.043,0.005,0.001,0,0.167,0.001,-0.001,0.333,0.002,-0.018,0.008,-0.005,,101.042,49.748,49.944,0.03,0.003,0.001,0,0.144,0.001,-0.001,0.143,0.002,-0.015,0.003,-0.002,,1,S,0.9961,1,0.0006,0.0001,0,0,0.0029,0,0,0.0029,0,-0.0003,0.0001,-0.0001,,0.027,0.0042,0.0067,0.0088,0.0034,0.0037,0.0035,0.0086,0.0076,0.018,0.0177,0.0102,0.0105,0.0179,,11/30/2017
C12ADM2_ZnS_2,N/A,18,40,20,100,10,270,4,65.933,32.368,0.029,-0.001,0.001,-0.002,0.164,0.01,0.015,0.323,0.027,-0.01,0.009,-0.005,,98.861,49.811,49.853,0.021,0,0,-0.001,0.145,0.007,0.009,0.142,0.021,-0.009,0.004,-0.002,,1,S,0.9992,1,0.0004,0,0,0,0.0029,0.0001,0.0002,0.0028,0.0004,-0.0002,0.0001,0,,0.027,0.0042,0.0067,0.0088,0.0034,0.0037,0.0035,0.0086,0.0076,0.018,0.0177,0.0102,0.0105,0.0179,,11/30/2017
C12ADM2_ZnS_2,N/A,18,40,20,100,10,271,5,66.107,33.203,0.03,0.002,-0.001,0.001,0.194,-0.007,-0.01,0.336,0.007,-0.034,0.006,0.001,,99.835,49.256,50.437,0.021,0.001,-0.001,0.001,0.17,-0.005,-0.006,0.145,0.005,-0.028,0.003,0,,1,S,0.9766,1,0.0004,0,0,0,0.0034,-0.0001,-0.0001,0.0029,0.0001,-0.0006,0.0001,0,,0.027,0.0042,0.0067,0.0088,0.0034,0.0037,0.0035,0.0085,0.0076,0.018,0.0177,0.0103,0.0105,0.0179,,11/30/2017
C12ADM2_ZnS_3,N/A,19,40,20,100,10,272,1,67.164,33.319,0.07,0.013,0.002,-0.001,0.122,-0.011,-0.012,0.159,0.035,-0.025,0.004,-0.008,,100.829,49.608,50.172,0.048,0.009,0.002,-0.001,0.105,-0.007,-0.007,0.068,0.026,-0.021,0.001,-0.004,,1,S,0.9887,1,0.001,0.0002,0,0,0.0021,-0.0001,-0.0002,0.0014,0.0005,-0.0004,0,-0.0001,,0.027,0.0042,0.0067,0.0088,0.0034,0.0037,0.0035,0.0086,0.0076,0.018,0.0177,0.0102,0.0105,0.0179,,11/30/2017
C12ADM2_ZnS_3,N/A,19,40,20,100,10,273,2,66.811,33.087,0.047,-0.004,0,0.004,0.142,-0.021,-0.002,0.251,0.009,-0.024,-0.001,0,,100.301,49.642,50.12,0.033,-0.003,0,0.003,0.124,-0.013,-0.001,0.109,0.007,-0.02,0,0,,1,S,0.9905,1,0.0007,-0.0001,0,0.0001,0.0025,-0.0003,0,0.0022,0.0001,-0.0004,0,0,,0.0271,0.0042,0.0067,0.0088,0.0034,0.0037,0.0035,0.0086,0.0076,0.018,0.0177,0.0102,0.0105,0.0179,,11/30/2017
C12ADM2_ZnS_3,N/A,19,40,20,100,10,274,3,67.232,33.078,0.029,0.001,0,0.003,0.143,-0.011,-0.023,0.171,-0.012,-0.028,-0.003,0.018,,100.596,49.837,49.989,0.02,0,0,0.002,0.124,-0.007,-0.014,0.074,-0.009,-0.023,-0.001,0.008,,1,S,0.997,1,0.0004,0,0,0,0.0025,-0.0001,-0.0003,0.0015,-0.0002,-0.0005,0,0.0002,,0.0271,0.0042,0.0067,0.0088,0.0034,0.0037,0.0035,0.0086,0.0076,0.018,0.0177,0.0102,0.0105,0.0179,,11/30/2017
C12ADM2_ZnS_3,N/A,19,40,20,100,10,275,4,67.472,33.282,0.032,0.01,0,0.001,0.141,-0.009,-0.015,0.206,-0.007,-0.038,-0.001,-0.012,,101.062,49.768,50.05,0.022,0.007,0,0.001,0.121,-0.006,-0.009,0.088,-0.006,-0.031,0,-0.005,,1,S,0.9944,1,0.0004,0.0001,0,0,0.0024,-0.0001,-0.0002,0.0018,-0.0001,-0.0006,0,-0.0001,,0.0271,0.0042,0.0067,0.0088,0.0034,0.0037,0.0035,0.0086,0.0076,0.018,0.0177,0.0102,0.0105,0.0179,,11/30/2017
C12ADM2_ZnS_3,N/A,19,40,20,100,10,276,5,67.225,33.142,0.03,0.003,0,0.003,0.153,-0.007,-0.012,0.22,0.014,-0.031,-0.01,0.003,,100.732,49.762,50.016,0.021,0.002,0,0.002,0.132,-0.005,-0.007,0.095,0.011,-0.026,-0.004,0.001,,1,S,0.9949,1,0.0004,0,0,0,0.0026,-0.0001,-0.0001,0.0019,0.0002,-0.0005,-0.0001,0,,0.0271,0.0042,0.0067,0.0088,0.0034,0.0037,0.0035,0.0086,0.0076,0.018,0.0177,0.0102,0.0105,0.0179,,11/30/2017
C12ADM2_ZnS_3,N/A,19,40,20,100,10,277,6,66.981,33.296,0.029,0.003,0,-0.001,0.163,-0.011,-0.015,0.293,0,-0.029,-0.002,0.006,,100.711,49.542,50.209,0.02,0.002,0,-0.001,0.141,-0.007,-0.009,0.126,0,-0.024,-0.001,0.003,,1,S,0.9867,1,0.0004,0,0,0,0.0028,-0.0001,-0.0002,0.0025,0,-0.0005,0,0.0001,,0.0271,0.0042,0.0067,0.0088,0.0034,0.0037,0.0035,0.0086,0.0076,0.018,0.0177,0.0103,0.0105,0.0179,,11/30/2017
C12ADM2_ZnS_3,N/A,19,40,20,100,10,278,7,66.916,33.127,0.036,-0.003,-0.001,0.003,0.166,-0.019,-0.03,0.285,-0.017,-0.036,-0.005,-0.001,,100.42,49.662,50.122,0.025,-0.002,-0.001,0.002,0.144,-0.012,-0.018,0.123,-0.013,-0.03,-0.002,0,,1,S,0.9908,1,0.0005,0,0,0,0.0029,-0.0003,-0.0004,0.0025,-0.0003,-0.0006,0,0,,0.0271,0.0042,0.0067,0.0088,0.0034,0.0037,0.0035,0.0086,0.0076,0.018,0.0177,0.0102,0.0105,0.0179,,11/30/2017
C12ADM2_ZnS_3,N/A,19,40,20,100,10,279,8,66.566,32.74,0.034,0.003,0.001,0.002,0.161,-0.026,-0.025,0.263,-0.012,-0.037,0.005,-0.013,,99.662,49.828,49.964,0.024,0.002,0.001,0.002,0.141,-0.017,-0.015,0.115,-0.009,-0.031,0.002,-0.006,,1,S,0.9973,1,0.0005,0,0,0,0.0028,-0.0003,-0.0003,0.0023,-0.0002,-0.0006,0,-0.0001,,0.0271,0.0042,0.0067,0.0088,0.0034,0.0037,0.0035,0.0086,0.0076,0.018,0.0177,0.0102,0.0105,0.0179,,11/30/2017
C12ADM2_ZnS_3,N/A,19,40,20,100,10,280,9,66.965,32.913,0.029,0.001,0.002,0.003,0.151,-0.022,-0.016,0.232,0.001,-0.032,-0.001,-0.005,,100.221,49.847,49.948,0.02,0.001,0.002,0.002,0.132,-0.014,-0.01,0.1,0.001,-0.026,0,-0.002,,1,S,0.998,1,0.0004,0,0,0,0.0026,-0.0003,-0.0002,0.002,0,-0.0005,0,-0.0001,,0.0271,0.0042,0.0067,0.0088,0.0034,0.0037,0.0035,0.0086,0.0076,0.0181,0.0178,0.0103,0.0105,0.018,,11/30/2017
C12ADM2_ZnS_3,N/A,19,40,20,100,10,281,10,66.971,33,0.031,0,0.002,0.006,0.143,-0.022,-0.026,0.228,-0.006,-0.037,-0.01,-0.009,,100.271,49.797,50.026,0.022,0,0.002,0.005,0.125,-0.014,-0.016,0.099,-0.005,-0.031,-0.004,-0.004,,1,S,0.9954,1,0.0004,0,0,0.0001,0.0025,-0.0003,-0.0003,0.002,-0.0001,-0.0006,-0.0001,-0.0001,,0.0271,0.0042,0.0067,0.0088,0.0034,0.0037,0.0035,0.0086,0.0076,0.018,0.0177,0.0102,0.0105,0.0179,,11/30/2017
C12ADM2_ZnS_3,N/A,19,40,20,100,10,282,11,67.109,33.127,0.028,0.009,0.002,-0.002,0.134,-0.022,-0.023,0.183,-0.019,-0.027,-0.007,0.014,,100.508,49.761,50.079,0.02,0.006,0.001,-0.001,0.116,-0.014,-0.014,0.079,-0.014,-0.022,-0.003,0.006,,1,S,0.9936,1,0.0004,0.0001,0,0,0.0023,-0.0003,-0.0003,0.0016,-0.0003,-0.0004,-0.0001,0.0001,,0.0271,0.0042,0.0067,0.0088,0.0034,0.0037,0.0035,0.0086,0.0076,0.018,0.0177,0.0102,0.0105,0.0179,,11/30/2017
C12ADM2_ZnS_3,N/A,19,40,20,100,10,283,12,67.061,33.078,0.026,-0.003,0,0.003,0.129,-0.02,-0.013,0.162,0.005,-0.029,0.003,0.004,,100.408,49.778,50.058,0.018,-0.002,0,0.003,0.112,-0.013,-0.008,0.07,0.004,-0.024,0.001,0.002,,1,S,0.9944,1,0.0004,-0.0001,0,0.0001,0.0022,-0.0003,-0.0002,0.0014,0.0001,-0.0005,0,0,,0.0271,0.0042,0.0067,0.0088,0.0034,0.0037,0.0035,0.0086,0.0076,0.018,0.0178,0.0102,0.0105,0.0179,,11/30/2017
C12ADM2_ZnS_3,N/A,19,40,20,100,10,284,13,67.413,33.209,0.027,-0.001,0.001,0.001,0.127,-0.009,-0.012,0.156,-0.015,-0.023,0.005,-0.002,,100.879,49.814,50.03,0.019,-0.001,0.001,0.001,0.11,-0.006,-0.007,0.067,-0.011,-0.019,0.002,-0.001,,1,S,0.9957,1,0.0004,0,0,0,0.0022,-0.0001,-0.0001,0.0013,-0.0002,-0.0004,0,0,,0.0271,0.0042,0.0067,0.0088,0.0034,0.0037,0.0035,0.0086,0.0076,0.0181,0.0178,0.0103,0.0105,0.018,,11/30/2017
C12ADM2_ZnS_3,N/A,19,40,20,100,10,285,14,67.261,33.036,0.034,-0.001,0.001,0.004,0.135,-0.008,-0.019,0.173,-0.004,-0.025,-0.005,-0.022,,100.559,49.884,49.951,0.024,-0.001,0.001,0.003,0.117,-0.005,-0.012,0.075,-0.003,-0.021,-0.002,-0.01,,1,S,0.9987,1,0.0005,0,0,0.0001,0.0023,-0.0001,-0.0002,0.0015,-0.0001,-0.0004,0,-0.0002,,0.0271,0.0042,0.0067,0.0088,0.0034,0.0037,0.0035,0.0086,0.0076,0.018,0.0177,0.0102,0.0105,0.0179,,11/30/2017
C12ADM2_ZnS_3,N/A,19,40,20,100,10,286,15,66.746,33.014,0.028,0.005,0.001,0.003,0.136,-0.022,-0.018,0.169,-0.019,-0.032,-0.001,0.001,,100.01,49.716,50.133,0.019,0.003,0.001,0.002,0.118,-0.014,-0.011,0.073,-0.014,-0.026,0,0.001,,1,S,0.9917,1,0.0004,0.0001,0,0,0.0024,-0.0003,-0.0002,0.0015,-0.0003,-0.0005,0,0,,0.0271,0.0042,0.0067,0.0088,0.0034,0.0037,0.0035,0.0086,0.0076,0.018,0.0177,0.0102,0.0105,0.018,,11/30/2017
C12ADM2_ZnS_4,N/A,20,40,20,100,10,287,1,66.947,33.314,0.003,-0.003,0.002,0.005,0.152,-0.009,-0.008,0.666,-0.041,-0.033,0.006,0.008,,101.009,49.461,50.179,0.002,-0.002,0.002,0.004,0.132,-0.006,-0.005,0.286,-0.031,-0.027,0.002,0.004,,1,S,0.9857,1,0,0,0,0.0001,0.0026,-0.0001,-0.0001,0.0057,-0.0006,-0.0005,0,0.0001,,0.0271,0.0042,0.0067,0.0088,0.0034,0.0037,0.0035,0.0086,0.0076,0.018,0.0178,0.0103,0.0105,0.018,,11/30/2017
C12ADM2_ZnS_4,N/A,20,40,20,100,10,288,2,67.163,33.282,0.038,0.009,-0.001,0.001,0.14,-0.018,-0.006,0.418,-0.012,-0.027,0.008,0.014,,101.009,49.597,50.107,0.026,0.006,-0.001,0.001,0.121,-0.012,-0.004,0.179,-0.009,-0.022,0.003,0.006,,1,S,0.9898,1,0.0005,0.0001,0,0,0.0024,-0.0002,-0.0001,0.0036,-0.0002,-0.0004,0.0001,0.0001,,0.0271,0.0042,0.0067,0.0088,0.0034,0.0037,0.0035,0.0086,0.0076,0.018,0.0178,0.0103,0.0105,0.018,,11/30/2017
C12ADM2_ZnS_4,N/A,20,40,20,100,10,289,3,67.341,33.278,0.082,0.008,-0.002,0.001,0.123,-0.01,-0.012,0.141,0.049,-0.042,-0.002,0.008,,100.964,49.704,50.076,0.057,0.005,-0.002,0.001,0.107,-0.007,-0.007,0.061,0.037,-0.035,-0.001,0.003,,1,S,0.9926,1,0.0011,0.0001,0,0,0.0021,-0.0001,-0.0001,0.0012,0.0007,-0.0007,0,0.0001,,0.0271,0.0042,0.0067,0.0088,0.0034,0.0037,0.0035,0.0086,0.0076,0.018,0.0177,0.0102,0.0105,0.0179,,11/30/2017
C12ADM2_ZnS_4,N/A,20,40,20,100,10,290,4,67.374,33.229,0.081,0.006,0,0.001,0.124,-0.005,-0.017,0.114,0.036,-0.026,0.005,-0.01,,100.912,49.759,50.034,0.056,0.004,0,0.001,0.107,-0.003,-0.011,0.049,0.028,-0.022,0.002,-0.004,,1,S,0.9945,1,0.0011,0.0001,0,0,0.0021,-0.0001,-0.0002,0.001,0.0006,-0.0004,0,-0.0001,,0.0271,0.0042,0.0067,0.0088,0.0034,0.0037,0.0035,0.0086,0.0076,0.018,0.0178,0.0102,0.0105,0.0179,,11/30/2017
C12ADM2_ZnS_4,N/A,20,40,20,100,10,291,5,67.186,33.409,0.082,0.007,0.001,0,0.119,-0.003,-0.009,0.14,0.023,-0.034,0.003,-0.008,,100.916,49.557,50.239,0.057,0.004,0.001,0,0.102,-0.002,-0.005,0.06,0.018,-0.028,0.001,-0.004,,1,S,0.9864,1,0.0011,0.0001,0,0,0.002,0,-0.0001,0.0012,0.0004,-0.0006,0,-0.0001,,0.0271,0.0042,0.0067,0.0088,0.0034,0.0037,0.0035,0.0086,0.0076,0.018,0.0177,0.0102,0.0105,0.0179,,11/30/2017
C12ADM2_ZnS_4,N/A,20,40,20,100,10,292,6,67.495,33.511,0.067,0.007,0,0.004,0.11,-0.017,-0.016,0.176,0.016,-0.044,0.005,-0.001,,101.314,49.606,50.213,0.046,0.005,0,0.004,0.094,-0.011,-0.01,0.075,0.012,-0.036,0.002,0,,1,S,0.9879,1,0.0009,0.0001,0,0.0001,0.0019,-0.0002,-0.0002,0.0015,0.0002,-0.0007,0,0,,0.0271,0.0042,0.0067,0.0088,0.0034,0.0037,0.0035,0.0086,0.0076,0.018,0.0178,0.0102,0.0105,0.018,,11/30/2017
C12ADM2_ZnS_4,N/A,20,40,20,100,10,294,8,67.236,32.48,0.059,0.009,0.001,0.001,0.102,-0.039,-0.042,0.098,0.016,-0.04,-0.012,-0.019,,99.848,50.334,49.572,0.041,0.006,0.001,0,0.089,-0.025,-0.026,0.043,0.012,-0.033,-0.005,-0.009,,1,S,1.0154,1,0.0008,0.0001,0,0,0.0018,-0.0005,-0.0005,0.0009,0.0002,-0.0007,-0.0001,-0.0002,,0.0271,0.0042,0.0067,0.0088,0.0034,0.0037,0.0035,0.0086,0.0076,0.018,0.0178,0.0102,0.0105,0.018,,11/30/2017
C12ADM2_ZnS_4,N/A,20,40,20,100,10,295,9,67.124,32.793,0.073,0.013,-0.001,-0.001,0.089,-0.029,-0.031,0.092,0.023,-0.041,-0.011,-0.014,,100.079,50.045,49.845,0.051,0.009,0,-0.001,0.078,-0.019,-0.019,0.04,0.017,-0.034,-0.004,-0.006,,1,S,1.004,1,0.001,0.0002,0,0,0.0016,-0.0004,-0.0004,0.0008,0.0003,-0.0007,-0.0001,-0.0001,,0.0271,0.0042,0.0067,0.0088,0.0034,0.0037,0.0035,0.0086,0.0076,0.018,0.0178,0.0102,0.0105,0.018,,11/30/2017
C12ADM2_ZnS_4,N/A,20,40,20,100,10,296,10,67.056,33.239,0.054,0.077,0.002,0.002,0.088,-0.012,-0.01,0.143,0.127,-0.028,0.006,0.001,,100.746,49.592,50.116,0.037,0.052,0.001,0.002,0.076,-0.008,-0.006,0.062,0.097,-0.023,0.003,0,,1,S,0.9895,1,0.0007,0.001,0,0,0.0015,-0.0002,-0.0001,0.0012,0.0019,-0.0005,0.0001,0,,0.0271,0.0042,0.0067,0.0088,0.0034,0.0037,0.0035,0.0086,0.0076,0.018,0.0178,0.0102,0.0105,0.018,,11/30/2017
C12ADM2_ZnS_5,N/A,21,40,20,100,10,297,1,67.262,33.357,0.025,0.019,0,0.002,0.118,-0.017,-0.008,0.134,0.021,-0.035,-0.004,-0.007,,100.868,49.646,50.196,0.017,0.013,0,0.002,0.102,-0.011,-0.005,0.058,0.016,-0.029,-0.002,-0.003,,1,S,0.989,1,0.0003,0.0003,0,0,0.002,-0.0002,-0.0001,0.0011,0.0003,-0.0006,0,-0.0001,,0.0271,0.0042,0.0067,0.0088,0.0034,0.0037,0.0035,0.0086,0.0076,0.018,0.0178,0.0102,0.0105,0.018,,11/30/2017
C12ADM2_ZnS_5,N/A,21,40,20,100,10,298,2,67.681,33.52,0.078,0.013,0.001,0.003,0.115,-0.017,-0.002,0.122,0.025,-0.027,0.01,-0.004,,101.516,49.658,50.14,0.054,0.008,0.001,0.002,0.099,-0.011,-0.001,0.052,0.019,-0.022,0.004,-0.002,,1,S,0.9904,1,0.0011,0.0002,0,0,0.002,-0.0002,0,0.001,0.0004,-0.0004,0.0001,0,,0.0271,0.0042,0.0067,0.0088,0.0034,0.0037,0.0035,0.0086,0.0076,0.018,0.0177,0.0102,0.0105,0.0179,,11/30/2017
C12ADM2_ZnS_5,N/A,21,40,20,100,10,300,4,67.019,32.425,0.056,0.003,0,0,0.117,-0.04,-0.04,0.068,0.01,-0.035,-0.008,-0.035,,99.542,50.301,49.616,0.039,0.002,0,0,0.103,-0.026,-0.025,0.03,0.008,-0.029,-0.003,-0.016,,1,S,1.0138,1,0.0008,0,0,0,0.0021,-0.0005,-0.0005,0.0006,0.0002,-0.0006,-0.0001,-0.0003,,0.0271,0.0042,0.0067,0.0088,0.0034,0.0037,0.0035,0.0086,0.0076,0.018,0.0177,0.0102,0.0105,0.0179,,11/30/2017
C12ADM2_ZnS_5,N/A,21,40,20,100,10,301,5,67.667,33.333,0.074,0.012,0,0.003,0.111,-0.005,-0.007,0.091,0.054,-0.025,0.01,-0.027,,101.29,49.793,50.007,0.051,0.008,0,0.003,0.096,-0.004,-0.004,0.039,0.041,-0.021,0.004,-0.012,,1,S,0.9957,1,0.001,0.0002,0,0.0001,0.0019,-0.0001,-0.0001,0.0008,0.0008,-0.0004,0.0001,-0.0002,,0.0271,0.0042,0.0067,0.0088,0.0034,0.0037,0.0035,0.0086,0.0076,0.018,0.0178,0.0102,0.0105,0.0179,,11/30/2017
C12ADM2_ZnS_5,N/A,21,40,20,100,10,302,6,67.254,33.12,0.069,0.027,0,0.004,0.109,-0.034,-0.022,0.098,0.065,-0.031,-0.009,0.002,,100.652,49.805,50.004,0.048,0.018,0,0.003,0.094,-0.022,-0.014,0.042,0.049,-0.026,-0.003,0.001,,1,S,0.996,1,0.001,0.0004,0,0.0001,0.0019,-0.0004,-0.0003,0.0008,0.001,-0.0005,-0.0001,0,,0.0271,0.0042,0.0067,0.0088,0.0034,0.0037,0.0035,0.0086,0.0076,0.018,0.0177,0.0102,0.0105,0.0179,,11/30/2017
C12ADM2_ZnS_5,N/A,21,40,20,100,10,303,7,66.45,32.638,0.094,0.013,0,-0.001,0.111,0.006,-0.003,0.08,0.074,-0.021,-0.006,-0.014,,99.421,49.847,49.914,0.066,0.009,0,-0.001,0.097,0.004,-0.002,0.035,0.057,-0.017,-0.002,-0.006,,1,S,0.9986,1,0.0013,0.0002,0,0,0.002,0.0001,0,0.0007,0.0011,-0.0004,-0.0001,-0.0001,,0.0271,0.0042,0.0067,0.0088,0.0034,0.0037,0.0035,0.0086,0.0076,0.018,0.0177,0.0102,0.0105,0.0179,,11/30/2017
C12ADM2_ZnS_5,N/A,21,40,20,100,10,304,8,67.088,33.412,0.086,0.018,0.001,0.003,0.115,-0.008,-0.007,0.092,0.071,-0.021,0.006,0.01,,100.867,49.496,50.256,0.059,0.012,0,0.002,0.099,-0.005,-0.004,0.04,0.054,-0.017,0.002,0.005,,1,S,0.9849,1,0.0012,0.0002,0,0,0.002,-0.0001,-0.0001,0.0008,0.0011,-0.0003,0,0.0001,,0.0271,0.0042,0.0067,0.0088,0.0034,0.0037,0.0035,0.0086,0.0076,0.018,0.0178,0.0102,0.0105,0.018,,11/30/2017
C12ADM2_ZnS_5,N/A,21,40,20,100,10,305,9,66.899,33.359,0.082,0.02,0.002,0.002,0.13,-0.012,-0.008,0.128,0.067,-0.024,-0.003,0.007,,100.649,49.459,50.28,0.057,0.013,0.002,0.002,0.112,-0.008,-0.005,0.055,0.051,-0.02,-0.001,0.003,,1,S,0.9837,1,0.0011,0.0003,0,0,0.0022,-0.0002,-0.0001,0.0011,0.001,-0.0004,0,0.0001,,0.0271,0.0042,0.0067,0.0088,0.0034,0.0037,0.0035,0.0086,0.0076,0.018,0.0178,0.0103,0.0105,0.018,,11/30/2017
C12ADM2_ZnS_5,N/A,21,40,20,100,10,306,10,66.705,33.197,0.019,0.004,-0.002,0.002,0.165,-0.016,-0.016,0.293,0.012,-0.041,0.005,-0.01,,100.319,49.518,50.242,0.014,0.003,-0.002,0.002,0.143,-0.01,-0.01,0.127,0.009,-0.034,0.002,-0.004,,1,S,0.9856,1,0.0003,0.0001,0,0,0.0029,-0.0002,-0.0002,0.0025,0.0002,-0.0007,0,-0.0001,,0.0271,0.0042,0.0067,0.0088,0.0034,0.0037,0.0035,0.0086,0.0076,0.018,0.0178,0.0103,0.0105,0.018,,11/30/2017
C22MAH2_ZnS_1,N/A,22,40,20,100,10,315,9,66.251,33.403,-0.002,0.008,-0.002,0.002,0.231,-0.058,-0.058,0.282,-0.063,-0.079,0.01,0.041,,99.964,49.233,50.606,-0.001,0.005,-0.002,0.001,0.201,-0.038,-0.036,0.122,-0.048,-0.066,0.004,0.018,,1,S,0.9729,1,0,0.0001,0,0,0.004,-0.0008,-0.0007,0.0024,-0.001,-0.0013,0.0001,0.0004,,0.0271,0.0042,0.0067,0.0088,0.0034,0.0037,0.0035,0.0086,0.0076,0.0181,0.0178,0.0103,0.0105,0.018,,11/30/2017
C22MAH2_ZnS_1,N/A,22,40,20,100,10,317,11,66.418,31.812,-0.016,-0.019,-0.008,-0.01,0.337,0,0.004,0.539,0.009,-0.01,-0.01,-0.045,,99.001,50.356,49.172,-0.011,-0.013,-0.007,-0.009,0.299,0,0.002,0.238,0.007,-0.008,-0.004,-0.021,,1,S,1.0241,1,-0.0002,-0.0003,-0.0002,-0.0002,0.0061,0,0.0001,0.0048,0.0001,-0.0002,-0.0001,-0.0004,,0.0272,0.0042,0.0067,0.0088,0.0034,0.0037,0.0035,0.0086,0.0076,0.0181,0.0178,0.0103,0.0106,0.018,,11/30/2017
C22MAH2_ZnS_1,N/A,22,40,20,100,10,323,17,67.977,30.898,-0.01,-0.008,-0.006,-0.007,0.258,-0.007,0,0.445,0.1,0.017,-0.038,-0.08,,99.54,51.675,47.886,-0.007,-0.006,-0.005,-0.006,0.229,-0.004,0,0.197,0.078,0.014,-0.015,-0.037,,1,S,1.0791,1,-0.0002,-0.0001,-0.0001,-0.0001,0.0048,-0.0001,0,0.0041,0.0016,0.0003,-0.0003,-0.0008,,0.0272,0.0042,0.0067,0.0088,0.0034,0.0037,0.0035,0.0087,0.0077,0.0181,0.0178,0.0101,0.0106,0.018,,11/30/2017
C22MAH2_ZnS_1,N/A,22,40,20,100,10,325,19,68.354,32.955,0.02,0.015,0,0,0.235,-0.012,-0.011,0.256,0.005,-0.027,0.001,-0.024,,101.768,50.283,49.424,0.014,0.01,0,0,0.202,-0.007,-0.007,0.11,0.004,-0.022,0.001,-0.011,,1,S,1.0174,1,0.0003,0.0002,0,0,0.0041,-0.0002,-0.0001,0.0022,0.0001,-0.0004,0,-0.0002,,0.0271,0.0042,0.0067,0.0088,0.0034,0.0037,0.0035,0.0086,0.0076,0.0181,0.0178,0.0102,0.0105,0.018,,11/30/2017
C22MAH2_ZnS_1,N/A,22,40,20,100,10,326,20,68.084,32.696,0.011,0.021,-0.002,-0.001,0.225,-0.042,-0.036,0.176,0,-0.039,-0.016,-0.022,,101.054,50.432,49.376,0.008,0.014,-0.002,-0.001,0.195,-0.027,-0.022,0.076,0,-0.032,-0.007,-0.01,,1,S,1.0214,1,0.0002,0.0003,0,0,0.004,-0.0006,-0.0005,0.0015,0,-0.0007,-0.0001,-0.0002,,0.0271,0.0042,0.0067,0.0088,0.0034,0.0037,0.0035,0.0086,0.0076,0.0181,0.0178,0.0102,0.0105,0.018,,11/30/2017
C22MAH2_ZnS_2,N/A,23,40,20,100,10,334,8,67.116,31.672,0.006,-0.017,-0.003,-0.005,0.17,-0.014,-0.016,0.06,0.038,-0.023,-0.017,-0.033,,98.933,50.9,48.969,0.004,-0.012,-0.003,-0.005,0.151,-0.009,-0.01,0.026,0.029,-0.02,-0.007,-0.015,,1,S,1.0394,1,0.0001,-0.0002,-0.0001,-0.0001,0.0031,-0.0002,-0.0002,0.0005,0.0006,-0.0004,-0.0001,-0.0003,,0.0272,0.0042,0.0067,0.0088,0.0034,0.0037,0.0035,0.0087,0.0076,0.0181,0.0178,0.0102,0.0105,0.018,,11/30/2017
C22MAH2_ZnS_2,N/A,23,40,20,100,10,335,9,68.079,32.933,0.064,0.011,0.002,0,0.163,-0.007,-0.009,0.091,0.07,-0.012,-0.01,-0.017,,101.356,50.219,49.527,0.044,0.007,0.002,0,0.14,-0.005,-0.006,0.039,0.053,-0.01,-0.004,-0.008,,1,S,1.014,1,0.0009,0.0001,0,0,0.0028,-0.0001,-0.0001,0.0008,0.0011,-0.0002,-0.0001,-0.0002,,0.0271,0.0042,0.0067,0.0088,0.0034,0.0037,0.0035,0.0086,0.0076,0.0181,0.0178,0.0102,0.0105,0.018,,11/30/2017
C22MAH2_ZnS_2,N/A,23,40,20,100,10,336,10,66.979,33.041,0.062,0.009,0.001,0,0.169,-0.011,-0.007,0.115,0.053,-0.022,-0.007,0,,100.382,49.731,50.015,0.043,0.006,0.001,0,0.147,-0.007,-0.004,0.05,0.041,-0.019,-0.003,0,,1,S,0.9943,1,0.0009,0.0001,0,0,0.0029,-0.0001,-0.0001,0.001,0.0008,-0.0004,-0.0001,0,,0.0271,0.0042,0.0067,0.0088,0.0034,0.0037,0.0035,0.0086,0.0076,0.0181,0.0178,0.0103,0.0105,0.018,,11/30/2017
C22MAH2_ZnS_3,N/A,24,40,20,100,10,337,1,67.42,33.313,0.001,0.05,-0.001,0.004,0.25,-0.012,-0.016,0.171,0.076,-0.016,-0.005,-0.009,,101.227,49.643,50.01,0.001,0.033,-0.001,0.004,0.216,-0.008,-0.009,0.073,0.058,-0.013,-0.002,-0.004,,1,S,0.9927,1,0,0.0007,0,0.0001,0.0043,-0.0002,-0.0002,0.0015,0.0012,-0.0003,0,-0.0001,,0.0271,0.0042,0.0067,0.0088,0.0034,0.0037,0.0035,0.0086,0.0076,0.0181,0.0178,0.0103,0.0105,0.018,,11/30/2017
C22MAH2_ZnS_3,N/A,24,40,20,100,10,338,2,67.418,33.315,0.017,0.033,-0.001,0.003,0.246,-0.016,-0.005,0.202,0.077,-0.032,0.003,0.006,,101.266,49.637,50.007,0.011,0.022,-0.001,0.002,0.212,-0.01,-0.003,0.086,0.058,-0.027,0.001,0.003,,1,S,0.9926,1,0.0002,0.0004,0,0,0.0042,-0.0002,-0.0001,0.0017,0.0012,-0.0005,0,0.0001,,0.0271,0.0042,0.0067,0.0088,0.0034,0.0037,0.0035,0.0086,0.0076,0.0181,0.0178,0.0103,0.0105,0.018,,11/30/2017
C22MAH2_ZnS_3,N/A,24,40,20,100,10,339,3,67.43,33.421,0.007,0.043,-0.001,0.003,0.245,-0.009,-0.008,0.191,0.049,-0.029,0.002,0.01,,101.354,49.573,50.093,0.005,0.028,-0.001,0.002,0.211,-0.006,-0.005,0.082,0.037,-0.024,0.001,0.004,,1,S,0.9896,1,0.0001,0.0006,0,0.0001,0.0042,-0.0001,-0.0001,0.0016,0.0007,-0.0005,0,0.0001,,0.0271,0.0042,0.0067,0.0088,0.0034,0.0037,0.0035,0.0086,0.0076,0.0181,0.0178,0.0103,0.0105,0.018,,11/30/2017
C22MAH2_ZnS_3,N/A,24,40,20,100,10,340,4,67.433,33.183,0.008,0.043,0.003,0,0.252,-0.013,-0.008,0.204,0.069,-0.028,0.006,-0.015,,101.137,49.743,49.904,0.005,0.029,0.003,0,0.217,-0.008,-0.005,0.088,0.053,-0.023,0.002,-0.007,,1,S,0.9968,1,0.0001,0.0006,0.0001,0,0.0044,-0.0002,-0.0001,0.0018,0.0011,-0.0005,0,-0.0001,,0.0271,0.0042,0.0067,0.0088,0.0034,0.0037,0.0035,0.0086,0.0076,0.0181,0.0178,0.0103,0.0105,0.018,,11/30/2017
C22MAH2_ZnS_3,N/A,24,40,20,100,10,341,5,67.416,33.355,0.004,0.046,0,0.003,0.255,-0.004,-0.003,0.184,0.065,-0.023,0.005,-0.013,,101.29,49.606,50.037,0.003,0.03,0,0.003,0.22,-0.002,-0.002,0.079,0.049,-0.019,0.002,-0.006,,1,S,0.9914,1,0.0001,0.0006,0,0.0001,0.0044,-0.0001,0,0.0016,0.001,-0.0004,0,-0.0001,,0.0271,0.0042,0.0067,0.0088,0.0034,0.0037,0.0035,0.0086,0.0076,0.0181,0.0178,0.0103,0.0105,0.018,,11/30/2017
C22MAH2_ZnS_3,N/A,24,40,20,100,10,342,6,67.359,32.764,0.002,0.039,-0.002,0.004,0.253,-0.005,-0.008,0.16,0.088,-0.023,-0.002,-0.011,,100.619,50.032,49.615,0.002,0.026,-0.002,0.004,0.22,-0.003,-0.005,0.069,0.068,-0.019,-0.001,-0.005,,1,S,1.0084,1,0,0.0005,0,0.0001,0.0044,-0.0001,-0.0001,0.0014,0.0014,-0.0004,0,-0.0001,,0.0271,0.0042,0.0067,0.0088,0.0034,0.0037,0.0035,0.0086,0.0076,0.0181,0.0178,0.0103,0.0105,0.018,,11/30/2017
C22MAH2_ZnS_3,N/A,24,40,20,100,10,343,7,67.298,33.24,0.005,0.051,0.003,0.004,0.185,-0.003,-0.002,0.123,0.079,-0.023,-0.002,-0.009,,100.948,49.683,50.029,0.003,0.034,0.002,0.003,0.16,-0.002,-0.001,0.053,0.06,-0.019,-0.001,-0.004,,1,S,0.9931,1,0.0001,0.0007,0,0.0001,0.0032,0,0,0.0011,0.0012,-0.0004,0,-0.0001,,0.0271,0.0042,0.0067,0.0088,0.0034,0.0037,0.0035,0.0086,0.0076,0.0181,0.0178,0.0103,0.0105,0.018,,11/30/2017
C22MAH2_ZnS_3,N/A,24,40,20,100,10,344,8,67.642,33.476,0.008,0.049,0,-0.001,0.197,-0.012,-0.001,0.129,0.09,-0.016,0.002,0.007,,101.571,49.622,50.066,0.006,0.033,0,-0.001,0.169,-0.007,-0.001,0.055,0.068,-0.013,0.001,0.003,,1,S,0.9911,1,0.0001,0.0007,0,0,0.0034,-0.0002,0,0.0011,0.0013,-0.0003,0,0.0001,,0.0271,0.0042,0.0067,0.0088,0.0034,0.0037,0.0035,0.0086,0.0076,0.0181,0.0178,0.0103,0.0105,0.018,,11/30/2017
C22MAH2_ZnS_3,N/A,24,40,20,100,10,345,9,67.158,33.816,0.002,0.059,-0.003,0,0.201,0.05,0.043,0.153,0.142,0.001,0.015,0.031,,101.668,49.118,50.422,0.002,0.039,-0.003,0,0.172,0.032,0.026,0.065,0.107,0.001,0.006,0.014,,1,S,0.9741,1,0,0.0008,-0.0001,0,0.0034,0.0006,0.0005,0.0013,0.0021,0,0.0001,0.0003,,0.0271,0.0042,0.0067,0.0088,0.0034,0.0037,0.0035,0.0086,0.0076,0.0181,0.0178,0.0101,0.0105,0.018,,11/30/2017
C22MAH2_ZnS_3,N/A,24,40,20,100,10,346,10,67.232,33.472,0.009,0.046,0.003,0.001,0.165,-0.005,0,0.106,0.062,-0.015,-0.003,-0.011,,101.06,49.503,50.246,0.006,0.03,0.002,0.001,0.142,-0.003,0,0.045,0.047,-0.012,-0.001,-0.005,,1,S,0.9852,1,0.0001,0.0006,0,0,0.0028,-0.0001,0,0.0009,0.0009,-0.0003,0,-0.0001,,0.0271,0.0042,0.0067,0.0088,0.0034,0.0037,0.0035,0.0086,0.0076,0.0181,0.0178,0.0103,0.0105,0.018,,11/30/2017
C22MAH2_ZnS_4,N/A,25,40,20,100,10,347,1,67.004,31.878,-0.007,0.041,-0.003,-0.001,0.247,-0.05,-0.052,0.099,0.034,-0.051,-0.022,-0.024,,99.093,50.671,49.149,-0.005,0.028,-0.002,-0.001,0.218,-0.033,-0.032,0.044,0.026,-0.043,-0.009,-0.011,,1,S,1.031,1,-0.0001,0.0006,-0.0001,0,0.0044,-0.0007,-0.0007,0.0009,0.0005,-0.0009,-0.0002,-0.0002,,0.0271,0.0042,0.0067,0.0088,0.0034,0.0037,0.0035,0.0086,0.0077,0.0181,0.0178,0.0102,0.0105,0.018,,11/30/2017
C22MAH2_ZnS_4,N/A,25,40,20,100,10,349,3,67.882,33.204,-0.006,0.047,-0.002,0.001,0.268,0.011,0.011,0.195,0.077,-0.031,0.013,0.017,,101.687,49.869,49.732,-0.004,0.031,-0.002,0.001,0.23,0.007,0.007,0.083,0.058,-0.025,0.005,0.008,,1,S,1.0028,1,-0.0001,0.0006,0,0,0.0046,0.0001,0.0001,0.0017,0.0012,-0.0005,0.0001,0.0002,,0.0271,0.0042,0.0067,0.0088,0.0034,0.0037,0.0035,0.0086,0.0076,0.0181,0.0178,0.0103,0.0105,0.018,,11/30/2017
C22MAH2_ZnS_4,N/A,25,40,20,100,10,350,4,67.997,33.295,-0.001,0.041,0.001,0,0.281,-0.002,-0.007,0.184,0.078,-0.023,0.006,0.005,,101.855,49.85,49.764,-0.001,0.027,0.001,0,0.241,-0.001,-0.004,0.078,0.059,-0.019,0.002,0.002,,1,S,1.0017,1,0,0.0005,0,0,0.0048,0,-0.0001,0.0016,0.0012,-0.0004,0.0001,0,,0.0271,0.0042,0.0067,0.0088,0.0034,0.0037,0.0035,0.0086,0.0076,0.0181,0.0178,0.0103,0.0105,0.018,,11/30/2017
C22MAH2_ZnS_5,N/A,26,40,20,100,10,352,1,66.317,33.629,0.023,0.071,0,0.003,0.219,0.017,0.02,0.223,0.095,-0.019,0.015,0.014,,100.629,48.95,50.606,0.016,0.047,0,0.003,0.189,0.011,0.012,0.096,0.073,-0.016,0.006,0.006,,1,S,0.9673,1,0.0003,0.0009,0,0.0001,0.0037,0.0002,0.0002,0.0019,0.0014,-0.0003,0.0001,0.0001,,0.0271,0.0042,0.0067,0.0088,0.0034,0.0037,0.0035,0.0086,0.0076,0.0181,0.0178,0.0103,0.0105,0.018,,11/30/2017
C22MAH2_ZnS_5,N/A,26,40,20,100,10,353,2,66.665,32.86,0.012,0.056,0,0,0.204,-0.007,-0.011,0.19,0.113,-0.022,-0.005,0.009,,100.065,49.695,49.939,0.009,0.038,0,0,0.178,-0.004,-0.007,0.082,0.086,-0.018,-0.002,0.004,,1,S,0.9951,1,0.0002,0.0008,0,0,0.0036,-0.0001,-0.0001,0.0016,0.0017,-0.0004,0,0.0001,,0.0271,0.0042,0.0067,0.0088,0.0034,0.0037,0.0035,0.0086,0.0076,0.0181,0.0178,0.0103,0.0105,0.018,,11/30/2017
C22MAH2_ZnS_5,N/A,26,40,20,100,10,354,3,66.53,33.01,0.015,0.058,-0.003,0,0.208,-0.022,-0.011,0.217,0.079,-0.035,0.006,0.006,,100.059,49.544,50.118,0.011,0.039,-0.002,0,0.181,-0.015,-0.007,0.094,0.061,-0.029,0.002,0.003,,1,S,0.9886,1,0.0002,0.0008,-0.0001,0,0.0036,-0.0003,-0.0001,0.0019,0.0012,-0.0006,0,0.0001,,0.0271,0.0042,0.0067,0.0088,0.0034,0.0037,0.0035,0.0086,0.0076,0.0181,0.0178,0.0103,0.0105,0.018,,11/30/2017
C22MAH2_ZnS_5,N/A,26,40,20,100,10,355,4,66.515,32.944,0.017,0.045,0.004,0,0.202,-0.016,-0.013,0.231,0.08,-0.025,-0.003,-0.009,,99.97,49.589,50.073,0.012,0.03,0.003,0,0.177,-0.01,-0.008,0.1,0.061,-0.021,-0.001,-0.004,,1,S,0.9903,1,0.0002,0.0006,0.0001,0,0.0035,-0.0002,-0.0002,0.002,0.0012,-0.0004,0,-0.0001,,0.0271,0.0042,0.0067,0.0088,0.0034,0.0037,0.0035,0.0086,0.0076,0.0181,0.0178,0.0103,0.0105,0.018,,11/30/2017
C22MAH2_ZnS_5,N/A,26,40,20,100,10,356,5,66.629,33.141,0.013,0.043,0.002,0.004,0.208,-0.009,-0.017,0.259,0.073,-0.039,0.003,-0.007,,100.302,49.482,50.178,0.009,0.028,0.002,0.003,0.18,-0.006,-0.01,0.112,0.055,-0.032,0.001,-0.003,,1,S,0.9861,1,0.0002,0.0006,0,0.0001,0.0036,-0.0001,-0.0002,0.0022,0.0011,-0.0006,0,-0.0001,,0.0271,0.0042,0.0067,0.0088,0.0034,0.0037,0.0035,0.0086,0.0076,0.0181,0.0178,0.0103,0.0105,0.018,,11/30/2017
C22MAH2_ZnS_5,N/A,26,40,20,100,10,357,6,66.149,31.954,0.006,0.002,0.001,0.003,0.246,-0.045,-0.046,0.403,-0.014,-0.047,-0.01,-0.021,,98.582,50.239,49.478,0.004,0.002,0.001,0.003,0.218,-0.03,-0.029,0.178,-0.011,-0.04,-0.004,-0.01,,1,S,1.0154,1,0.0001,0,0,0.0001,0.0044,-0.0006,-0.0006,0.0036,-0.0002,-0.0008,-0.0001,-0.0002,,0.0272,0.0042,0.0067,0.0088,0.0034,0.0037,0.0035,0.0086,0.0076,0.0181,0.0178,0.0103,0.0106,0.018,,11/30/2017
C22MAH2_ZnS_5,N/A,26,40,20,100,10,358,7,65.768,33.197,-0.006,0.007,-0.001,-0.002,0.228,0.014,0.026,0.635,-0.026,-0.026,0.023,0.037,,99.873,49.046,50.473,-0.004,0.004,-0.001,-0.001,0.199,0.009,0.016,0.275,-0.02,-0.022,0.009,0.017,,1,S,0.9717,1,-0.0001,0.0001,0,0,0.0039,0.0002,0.0003,0.0055,-0.0004,-0.0004,0.0002,0.0003,,0.0272,0.0042,0.0067,0.0088,0.0034,0.0037,0.0035,0.0086,0.0076,0.0181,0.0178,0.0103,0.0106,0.018,,11/30/2017
C22MAH2_ZnS_5,N/A,26,40,20,100,10,359,8,66.556,33.312,0.007,-0.005,-0.001,0.003,0.228,-0.003,0.007,0.627,-0.046,-0.03,0.026,0.019,,100.7,49.281,50.287,0.005,-0.004,0,0.002,0.198,-0.002,0.004,0.27,-0.035,-0.025,0.01,0.009,,1,S,0.98,1,0.0001,-0.0001,0,0,0.0039,0,0.0001,0.0054,-0.0007,-0.0005,0.0002,0.0002,,0.0272,0.0042,0.0067,0.0088,0.0034,0.0037,0.0035,0.0086,0.0076,0.0181,0.0178,0.0103,0.0106,0.018,,11/30/2017
C22MAH2_ZnS_5,N/A,26,40,20,100,10,360,9,66.756,33.254,-0.003,-0.002,0.005,0.002,0.219,0.005,0.005,0.629,-0.015,-0.025,0.003,-0.005,,100.828,49.397,50.167,-0.002,-0.001,0.004,0.002,0.19,0.003,0.003,0.271,-0.012,-0.021,0.001,-0.002,,1,S,0.9847,1,-0.0001,0,0.0001,0,0.0038,0.0001,0.0001,0.0054,-0.0002,-0.0004,0,0,,0.0272,0.0042,0.0067,0.0088,0.0034,0.0037,0.0035,0.0086,0.0076,0.0181,0.0178,0.0103,0.0106,0.018,,11/30/2017
C22MAH2_ZnS_5,N/A,26,40,20,100,10,361,10,66.386,32.854,-0.003,-0.004,0,-0.002,0.212,-0.001,0.001,0.647,-0.015,-0.026,0.003,0.003,,100.054,49.564,50.008,-0.002,-0.002,0,-0.002,0.185,-0.001,0,0.281,-0.011,-0.022,0.001,0.001,,1,S,0.9911,1,0,-0.0001,0,0,0.0037,0,0,0.0056,-0.0002,-0.0004,0,0,,0.0272,0.0042,0.0067,0.0088,0.0034,0.0037,0.0035,0.0086,0.0076,0.0181,0.0178,0.0103,0.0106,0.018,,11/30/2017
C22MAH2_ZnS_5,N/A,26,40,20,100,10,364,13,66.861,31.62,-0.003,-0.002,-0.006,-0.008,0.195,0.031,0.048,0.478,0.083,0.035,-0.027,-0.041,,99.264,50.666,48.851,-0.002,-0.002,-0.005,-0.007,0.173,0.02,0.03,0.211,0.064,0.029,-0.011,-0.019,,1,S,1.0372,1,0,0,-0.0001,-0.0001,0.0035,0.0004,0.0006,0.0043,0.0013,0.0006,-0.0002,-0.0004,,0.0272,0.0042,0.0067,0.0088,0.0034,0.0037,0.0035,0.0087,0.0077,0.0181,0.0178,0.0101,0.0106,0.018,,12/1/2017
C22MAH2_ZnS_5,N/A,26,40,20,100,10,365,14,67.151,33.291,0.005,-0.001,0.003,0.002,0.205,0.011,-0.001,0.585,-0.005,-0.028,0.014,0.001,,101.231,49.524,50.056,0.003,-0.001,0.003,0.001,0.177,0.007,-0.001,0.251,-0.004,-0.023,0.006,0.001,,1,S,0.9894,1,0.0001,0,0.0001,0,0.0035,0.0001,0,0.005,-0.0001,-0.0005,0.0001,0,,0.0272,0.0042,0.0067,0.0088,0.0034,0.0037,0.0035,0.0086,0.0076,0.0181,0.0178,0.0103,0.0106,0.018,,12/1/2017
C22MAH2_ZnS_5,N/A,26,40,20,100,10,366,15,66.707,33.312,-0.005,0.002,0.001,0.002,0.208,0.006,0,0.56,-0.024,-0.029,0.001,0.005,,100.745,49.361,50.254,-0.003,0.001,0.001,0.001,0.18,0.004,0,0.241,-0.019,-0.024,0,0.002,,1,S,0.9822,1,-0.0001,0,0,0,0.0036,0.0001,0,0.0048,-0.0004,-0.0005,0,0,,0.0272,0.0042,0.0067,0.0088,0.0034,0.0037,0.0035,0.0086,0.0076,0.0181,0.0178,0.0103,0.0106,0.018,,12/1/2017
C55STJ4_ZnS_2,N/A,27,40,20,100,10,367,1,65.74,33.303,-0.001,0.008,0.001,0.004,0.204,-0.001,-0.007,0.633,-0.011,-0.022,0.018,0.009,,99.878,48.976,50.583,-0.001,0.005,0.001,0.004,0.178,-0.001,-0.004,0.274,-0.008,-0.018,0.007,0.004,,1,S,0.9682,1,0,0.0001,0,0.0001,0.0035,0,-0.0001,0.0054,-0.0002,-0.0004,0.0001,0.0001,,0.0272,0.0042,0.0067,0.0088,0.0034,0.0037,0.0035,0.0086,0.0076,0.0181,0.0178,0.0103,0.0106,0.018,,12/1/2017
C55STJ4_ZnS_2,N/A,27,40,20,100,10,368,2,66.571,33.28,0.001,0.001,0,0.003,0.201,-0.02,-0.016,0.572,-0.014,-0.039,-0.003,-0.006,,100.533,49.348,50.296,0.001,0.001,0,0.003,0.175,-0.013,-0.01,0.247,-0.011,-0.032,-0.001,-0.003,,1,S,0.9812,1,0,0,0,0.0001,0.0035,-0.0003,-0.0002,0.0049,-0.0002,-0.0006,0,-0.0001,,0.0272,0.0042,0.0067,0.0088,0.0034,0.0037,0.0035,0.0086,0.0076,0.0181,0.0178,0.0103,0.0106,0.018,,12/1/2017
C55STJ4_ZnS_2,N/A,27,40,20,100,10,370,4,64.639,34.141,-0.001,-0.014,-0.005,-0.002,0.211,0.017,0.017,0.769,-0.092,-0.076,0.064,0.103,,99.772,47.929,51.612,-0.001,-0.01,-0.005,-0.001,0.183,0.011,0.011,0.332,-0.07,-0.063,0.026,0.046,,1,S,0.9286,1,0,-0.0002,-0.0001,0,0.0036,0.0002,0.0002,0.0064,-0.0014,-0.0012,0.0005,0.0009,,0.0272,0.0042,0.0067,0.0088,0.0035,0.0038,0.0035,0.0085,0.0075,0.0181,0.0178,0.0104,0.0106,0.018,,12/1/2017
C55STJ4_ZnS_2,N/A,27,40,20,100,10,371,5,66.461,33.273,-0.001,-0.004,-0.002,0.002,0.209,-0.012,-0.012,0.623,-0.027,-0.034,0.009,0.001,,100.486,49.297,50.316,-0.001,-0.003,-0.002,0.001,0.182,-0.008,-0.008,0.269,-0.02,-0.028,0.004,0,,1,S,0.9797,1,0,-0.0001,0,0,0.0036,-0.0002,-0.0002,0.0053,-0.0004,-0.0006,0.0001,0,,0.0272,0.0042,0.0067,0.0088,0.0034,0.0037,0.0035,0.0086,0.0076,0.0181,0.0178,0.0103,0.0106,0.018,,12/1/2017
C55STJ4_ZnS_3,N/A,28,40,20,100,10,373,2,66.593,33.842,0.001,0.003,0,0,0.241,-0.003,-0.005,0.661,-0.031,-0.049,0.027,0.035,,101.315,48.893,50.657,0.001,0.002,0,0,0.207,-0.002,-0.003,0.282,-0.024,-0.04,0.011,0.016,,1,S,0.9652,1,0,0,0,0,0.0041,0,-0.0001,0.0056,-0.0005,-0.0008,0.0002,0.0003,,0.0272,0.0042,0.0067,0.0088,0.0034,0.0037,0.0035,0.0086,0.0076,0.0181,0.0178,0.0103,0.0106,0.018,,12/1/2017
C55S1J4_S1_TestGrain,N/A,3,40,20,100,10,161,1,66.059,33.89,0.036,0.005,0,0.015,0.183,0.002,0.002,0.205,0.016,0.006,0.013,-0.001,,100.429,48.727,50.964,0.025,0.004,0,0.012,0.158,0.001,0.001,0.088,0.012,0.005,0.005,-0.001,,1,S,0.9561,1,0.0005,0.0001,0,0.0002,0.0031,0,0,0.0017,0.0002,0.0001,0.0001,0,,0.0281,0.0043,0.0073,0.0097,0.0035,0.01,0.0036,0.0082,0.0071,0.0178,0.0062,0.0101,0.0106,0.0178,,11/7/2018
C55S1J4_S1_TestGrain,N/A,3,40,20,100,10,162,2,66.039,33.871,0.029,0.004,0.002,0.008,0.186,0.002,0.003,0.229,0.008,0.012,0.013,-0.007,,100.397,48.733,50.957,0.02,0.002,0.001,0.006,0.161,0.001,0.002,0.098,0.006,0.01,0.005,-0.003,,1,S,0.9564,1,0.0004,0,0,0.0001,0.0032,0,0,0.0019,0.0001,0.0002,0.0001,-0.0001,,0.0281,0.0043,0.0073,0.0097,0.0035,0.01,0.0036,0.0082,0.0071,0.0178,0.0062,0.0101,0.0106,0.0178,,11/7/2018
C55S1J4_S1_TestGrain,N/A,3,40,20,100,10,163,3,65.914,33.858,0.028,0.013,0.004,0.01,0.177,0.007,0.009,0.2,0.009,0.006,0.005,0,,100.24,48.699,50.998,0.019,0.009,0.003,0.008,0.153,0.005,0.005,0.086,0.007,0.005,0.002,0,,1,S,0.9549,1,0.0004,0.0002,0.0001,0.0002,0.003,0.0001,0.0001,0.0017,0.0001,0.0001,0,0,,0.0281,0.0043,0.0073,0.0097,0.0035,0.01,0.0036,0.0082,0.0071,0.0178,0.0062,0.0101,0.0106,0.0178,,11/7/2018
C55S1J4_S1_TestGrain,N/A,3,40,20,100,10,164,4,66.272,33.98,0.055,0.014,0.001,0.02,0.191,0.004,0.007,0.154,0.04,0.015,0.016,0.012,,100.782,48.718,50.926,0.038,0.009,0.001,0.016,0.164,0.003,0.004,0.066,0.03,0.012,0.006,0.006,,1,S,0.9566,1,0.0007,0.0002,0,0.0003,0.0032,0.0001,0.0001,0.0013,0.0006,0.0002,0.0001,0.0001,,0.0281,0.0043,0.0073,0.0097,0.0035,0.01,0.0036,0.0082,0.0071,0.0178,0.0062,0.0101,0.0106,0.0178,,11/7/2018
C12ADM2_S2_I1,N/A,5,40,20,100,10,170,1,66.016,32.701,0.018,0.051,0.002,0.017,0.166,-0.004,-0.011,0.174,0.091,0.004,-0.021,-0.014,,99.188,49.588,50.078,0.012,0.034,0.002,0.014,0.146,-0.003,-0.007,0.076,0.07,0.003,-0.008,-0.006,,1,S,0.9902,1,0.0002,0.0007,0,0.0003,0.0029,-0.0001,-0.0001,0.0015,0.0014,0.0001,-0.0002,-0.0001,,0.0277,0.0042,0.0073,0.0096,0.0035,0.0099,0.0035,0.0082,0.0071,0.0176,0.0061,0.01,0.0105,0.0177,,11/7/2018
C12ADM2_S2_I1,N/A,5,40,20,100,10,171,2,66.439,33.392,0.009,0.079,0.002,0.013,0.126,0.018,0.016,0.16,0.126,0.009,0.013,0.002,,100.404,49.203,50.416,0.006,0.053,0.002,0.011,0.109,0.012,0.01,0.069,0.096,0.008,0.005,0.001,,1,S,0.9759,1,0.0001,0.001,0,0.0002,0.0022,0.0002,0.0002,0.0014,0.0019,0.0002,0.0001,0,,0.0277,0.0042,0.0073,0.0096,0.0035,0.0099,0.0036,0.0082,0.007,0.0176,0.0061,0.01,0.0105,0.0177,,11/7/2018
C12ADM2_S2_I1,N/A,5,40,20,100,10,172,3,66.52,33.4,0.013,0.052,0.003,0.02,0.203,0.022,0.014,0.208,0.086,0.009,0.007,0.013,,100.57,49.202,50.365,0.009,0.035,0.003,0.016,0.176,0.014,0.009,0.089,0.065,0.008,0.003,0.006,,1,S,0.9769,1,0.0002,0.0007,0.0001,0.0003,0.0035,0.0003,0.0002,0.0018,0.0013,0.0002,0.0001,0.0001,,0.0277,0.0042,0.0073,0.0096,0.0035,0.0099,0.0036,0.0082,0.007,0.0176,0.0061,0.01,0.0105,0.0177,,11/7/2018
C12ADM2_S2_I1,N/A,5,40,20,100,10,173,4,66.329,33.301,0.001,0.065,0.002,0.006,0.152,0.017,0.009,0.218,0.098,0.002,0.013,0.015,,100.229,49.229,50.388,0.001,0.044,0.002,0.005,0.132,0.011,0.006,0.094,0.075,0.002,0.005,0.007,,1,S,0.977,1,0,0.0009,0,0.0001,0.0026,0.0002,0.0001,0.0019,0.0015,0,0.0001,0.0001,,0.0277,0.0042,0.0073,0.0096,0.0035,0.0099,0.0036,0.0082,0.007,0.0176,0.0061,0.01,0.0105,0.0177,,11/7/2018
C12ADM2_S2_I3,N/A,6,40,20,100,10,174,1,64.253,33.887,0.035,0.037,0,0.034,0.191,0.099,0.095,0.267,0.03,0.03,0.035,0.052,,99.045,47.914,51.518,0.025,0.025,0,0.028,0.166,0.064,0.059,0.116,0.023,0.025,0.014,0.023,,1,S,0.93,1,0.0005,0.0005,0,0.0006,0.0032,0.0012,0.0011,0.0022,0.0005,0.0005,0.0003,0.0005,,0.0276,0.0042,0.0072,0.0096,0.0035,0.0099,0.0036,0.0081,0.007,0.0176,0.0061,0.0101,0.0105,0.0177,,11/7/2018
C12ADM2_S2_I3,N/A,6,40,20,100,10,175,2,64.907,32.973,0.038,0.032,0.003,0.018,0.155,0.036,0.025,0.147,0.071,0.005,0.017,0.006,,98.435,48.938,50.685,0.027,0.022,0.003,0.015,0.137,0.024,0.016,0.064,0.055,0.004,0.007,0.003,,1,S,0.9655,1,0.0005,0.0004,0.0001,0.0003,0.0027,0.0005,0.0003,0.0013,0.0011,0.0001,0.0001,0.0001,,0.0276,0.0042,0.0073,0.0096,0.0035,0.0099,0.0035,0.0082,0.007,0.0176,0.0061,0.01,0.0105,0.0177,,11/7/2018
C12ADM2_S2_I3,N/A,6,40,20,100,10,176,3,64.804,33.446,0.035,0.021,0.001,0.014,0.167,0.017,0.018,0.165,0.024,0.006,0.016,0.01,,98.746,48.568,51.104,0.024,0.014,0.001,0.012,0.147,0.011,0.011,0.072,0.019,0.005,0.007,0.005,,1,S,0.9504,1,0.0005,0.0003,0,0.0002,0.0029,0.0002,0.0002,0.0014,0.0004,0.0001,0.0001,0.0001,,0.0276,0.0042,0.0072,0.0096,0.0035,0.0099,0.0036,0.0081,0.007,0.0176,0.0061,0.01,0.0105,0.0176,,11/7/2018
C12ADM2_S2_I3,N/A,6,40,20,100,10,177,4,65.146,33.355,0.061,0.037,0.002,0.015,0.145,0.02,0.025,0.138,0.074,0.012,0.019,0.005,,99.053,48.745,50.882,0.043,0.025,0.002,0.012,0.127,0.013,0.016,0.06,0.057,0.01,0.008,0.002,,1,S,0.958,1,0.0008,0.0005,0,0.0002,0.0025,0.0003,0.0003,0.0012,0.0011,0.0002,0.0001,0,,0.0276,0.0042,0.0073,0.0096,0.0035,0.0099,0.0035,0.0081,0.007,0.0176,0.0061,0.01,0.0105,0.0176,,11/7/2018
C12ADM2_S2_I8,N/A,7,40,20,100,10,179,2,65.41,33.334,0.009,0.015,0.003,0.015,0.174,0.012,0.015,0.411,-0.01,0.006,0.014,-0.002,,99.407,48.857,50.761,0.007,0.01,0.003,0.012,0.152,0.008,0.009,0.178,-0.008,0.005,0.005,-0.001,,1,S,0.9625,1,0.0001,0.0002,0.0001,0.0002,0.003,0.0002,0.0002,0.0035,-0.0002,0.0001,0.0001,0,,0.0276,0.0042,0.0073,0.0096,0.0035,0.0099,0.0036,0.0082,0.007,0.0176,0.0061,0.01,0.0105,0.0177,,11/7/2018
C12ADM2_S2_I8,N/A,7,40,20,100,10,180,3,65.469,33.299,0.004,0.014,-0.001,0.004,0.186,0.008,0.012,0.525,-0.01,0.005,0.018,0.003,,99.538,48.884,50.691,0.003,0.01,-0.001,0.004,0.162,0.005,0.007,0.228,-0.007,0.005,0.007,0.001,,1,S,0.9644,1,0.0001,0.0002,0,0.0001,0.0032,0.0001,0.0001,0.0045,-0.0002,0.0001,0.0001,0,,0.0277,0.0042,0.0073,0.0096,0.0035,0.0099,0.0036,0.0082,0.007,0.0176,0.0061,0.01,0.0105,0.0177,,11/7/2018
C22MAH2_S1_I1_subI1,N/A,8,40,20,100,10,181,1,65.793,33.054,0.035,0.003,0.002,0.025,0.172,0.017,0.021,0.209,0.02,0.02,0.001,-0.012,,99.358,49.233,50.427,0.024,0.002,0.001,0.021,0.15,0.011,0.013,0.091,0.016,0.016,0,-0.005,,1,S,0.9763,1,0.0005,0,0,0.0004,0.003,0.0002,0.0003,0.0018,0.0003,0.0003,0,-0.0001,,0.0276,0.0042,0.0073,0.0096,0.0035,0.0099,0.0035,0.0082,0.007,0.0176,0.0061,0.01,0.0105,0.0176,,11/7/2018
C22MAH2_S1_I1_subI1,N/A,8,40,20,100,10,182,2,65.405,32.312,0.026,-0.006,-0.002,0.036,0.179,0.009,0.01,0.22,-0.005,0.02,-0.015,-0.003,,98.186,49.663,50.02,0.018,-0.004,-0.002,0.03,0.159,0.006,0.006,0.097,-0.004,0.017,-0.006,-0.001,,1,S,0.9929,1,0.0004,-0.0001,0,0.0006,0.0032,0.0001,0.0001,0.0019,-0.0001,0.0003,-0.0001,0,,0.0276,0.0042,0.0073,0.0096,0.0035,0.0099,0.0035,0.0082,0.007,0.0176,0.0061,0.01,0.0105,0.0176,,11/7/2018
C22MAH2_S1_I1_subI2,N/A,9,40,20,100,10,183,1,65.855,32.926,0.034,0.012,0.004,0.016,0.17,0.003,0.002,0.164,0.028,0.009,0.001,0.01,,99.234,49.37,50.323,0.024,0.008,0.004,0.013,0.149,0.002,0.001,0.071,0.021,0.008,0,0.004,,1,S,0.9811,1,0.0005,0.0002,0.0001,0.0003,0.003,0,0,0.0014,0.0004,0.0002,0,0.0001,,0.0276,0.0042,0.0073,0.0096,0.0035,0.0099,0.0035,0.0082,0.007,0.0176,0.0061,0.01,0.0105,0.0176,,11/7/2018
C22MAH2_S1_I1_subI2,N/A,9,40,20,100,10,184,2,60.828,34.217,0.007,0.001,0.006,0.016,3.31,0.02,0.01,0.281,0.008,0.015,0.001,-0.011,,98.709,45.157,51.788,0.005,0.001,0.005,0.013,2.876,0.013,0.006,0.121,0.006,0.012,0,-0.005,,1,S,0.872,1,0.0001,0,0.0001,0.0003,0.0555,0.0003,0.0001,0.0023,0.0001,0.0002,0,-0.0001,,0.0276,0.0042,0.0072,0.0095,0.0035,0.01,0.0036,0.008,0.0069,0.0175,0.0061,0.0104,0.0104,0.0176,,11/7/2018
C22MAH2_S1_I1_subI2,N/A,9,40,20,100,10,185,3,65.838,32.906,0.014,0.002,0.002,0.03,0.187,0.001,0.014,0.319,-0.003,0.018,0.012,-0.007,,99.332,49.35,50.286,0.01,0.001,0.001,0.025,0.164,0.001,0.009,0.139,-0.003,0.015,0.005,-0.003,,1,S,0.9814,1,0.0002,0,0,0.0005,0.0033,0,0.0002,0.0028,-0.0001,0.0003,0.0001,-0.0001,,0.0276,0.0042,0.0073,0.0096,0.0035,0.0099,0.0036,0.0082,0.007,0.0176,0.0061,0.01,0.0105,0.0176,,11/7/2018
C22MAH2_S1_I1_subI2,N/A,9,40,20,100,10,186,4,65.912,32.894,0.022,0.006,-0.003,0.016,0.184,0.002,0.001,0.247,0.007,0.013,0.003,0.003,,99.306,49.409,50.271,0.015,0.004,-0.002,0.013,0.161,0.001,0.001,0.108,0.005,0.01,0.001,0.001,,1,S,0.9828,1,0.0003,0.0001,0,0.0003,0.0032,0,0,0.0021,0.0001,0.0002,0,0,,0.0276,0.0042,0.0073,0.0096,0.0035,0.0099,0.0035,0.0082,0.007,0.0176,0.0061,0.01,0.0105,0.0176,,11/7/2018
C22MAH2_S1_I1_subI4,N/A,10,40,20,100,10,187,1,66.289,33.099,0.042,0,0.001,0.037,0.199,0.033,0.032,0.241,0.009,0.024,0.014,0.013,,100.032,49.348,50.235,0.029,0,0.001,0.03,0.174,0.021,0.02,0.104,0.007,0.02,0.005,0.006,,1,S,0.9823,1,0.0006,0,0,0.0006,0.0035,0.0004,0.0004,0.0021,0.0001,0.0004,0.0001,0.0001,,0.0276,0.0042,0.0073,0.0096,0.0035,0.0099,0.0035,0.0082,0.007,0.0176,0.0061,0.01,0.0105,0.0176,,11/7/2018
C22MAH2_S1_I1_subI4,N/A,10,40,20,100,10,188,2,66.074,33.188,0.007,0.003,0.003,0.007,0.225,0.004,-0.002,0.711,-0.014,0.01,0.01,0.009,,100.237,49.146,50.328,0.005,0.002,0.003,0.005,0.196,0.003,-0.001,0.308,-0.011,0.008,0.004,0.004,,1,S,0.9765,1,0.0001,0,0.0001,0.0001,0.0039,0.0001,0,0.0061,-0.0002,0.0002,0.0001,0.0001,,0.0277,0.0042,0.0073,0.0096,0.0035,0.0099,0.0036,0.0082,0.007,0.0176,0.0061,0.0101,0.0105,0.0177,,11/7/2018
C22MAH2_S1_I1_subI4,N/A,10,40,20,100,10,189,3,66.288,33.368,0.054,0.016,0,0.011,0.168,0.017,0.013,0.168,0.049,0.008,0.004,0,,100.163,49.185,50.475,0.037,0.011,0,0.009,0.146,0.011,0.008,0.072,0.037,0.007,0.002,0,,1,S,0.9744,1,0.0007,0.0002,0,0.0002,0.0029,0.0002,0.0002,0.0014,0.0007,0.0001,0,0,,0.0276,0.0042,0.0072,0.0096,0.0035,0.0099,0.0035,0.0082,0.007,0.0176,0.0061,0.01,0.0105,0.0176,,11/7/2018
C22MAH2_S1_I4,N/A,11,40,20,100,10,190,1,65.257,32.604,0.054,0.057,0.004,0.006,0.174,-0.017,-0.016,0.101,0.107,0.01,0.008,-0.007,,98.341,49.364,50.282,0.038,0.039,0.004,0.005,0.154,-0.011,-0.01,0.044,0.083,0.008,0.003,-0.003,,1,S,0.9817,1,0.0008,0.0008,0.0001,0.0001,0.0031,-0.0002,-0.0002,0.0009,0.0017,0.0002,0.0001,-0.0001,,0.0276,0.0042,0.0072,0.0096,0.0035,0.0099,0.0035,0.0082,0.0071,0.0176,0.0061,0.01,0.0105,0.0176,,11/7/2018
C22MAH2_S1_I4,N/A,11,40,20,100,10,191,2,65.122,33.279,0.071,0.049,0.008,0,0.197,0.001,-0.003,0.169,0.117,0.008,0.017,0.006,,99.038,48.76,50.8,0.05,0.033,0.007,0,0.172,0,-0.002,0.073,0.09,0.006,0.007,0.003,,1,S,0.9598,1,0.001,0.0006,0.0001,0,0.0034,0,0,0.0014,0.0018,0.0001,0.0001,0.0001,,0.0276,0.0042,0.0073,0.0096,0.0035,0.0099,0.0036,0.0082,0.007,0.0176,0.0061,0.01,0.0105,0.0177,,11/7/2018
C22MAH2_S1_I9_subI1,N/A,12,40,20,100,10,192,1,66.227,33.476,0.027,0.016,0,0.014,0.219,0.01,0.009,0.159,0.034,0.013,0.02,0.017,,100.24,49.07,50.568,0.019,0.011,0,0.011,0.19,0.007,0.005,0.069,0.026,0.01,0.008,0.007,,1,S,0.9704,1,0.0004,0.0002,0,0.0002,0.0038,0.0001,0.0001,0.0014,0.0005,0.0002,0.0002,0.0001,,0.0276,0.0042,0.0072,0.0096,0.0035,0.0099,0.0035,0.0082,0.007,0.0176,0.0061,0.01,0.0105,0.0176,,11/7/2018
C22MAH2_S1_I9_subI1,N/A,12,40,20,100,10,193,2,66.46,33.461,0.007,0.005,-0.001,0.013,0.21,0.017,0.016,0.507,-0.012,0.01,0.021,0.011,,100.725,49.125,50.424,0.005,0.003,-0.001,0.011,0.182,0.011,0.01,0.218,-0.009,0.008,0.008,0.005,,1,S,0.9742,1,0.0001,0.0001,0,0.0002,0.0036,0.0002,0.0002,0.0043,-0.0002,0.0002,0.0002,0.0001,,0.0276,0.0042,0.0073,0.0096,0.0035,0.0099,0.0036,0.0082,0.007,0.0176,0.0061,0.01,0.0105,0.0176,,11/7/2018
C22MAH2_S1_I9_subI2,N/A,13,40,20,100,10,194,1,66.495,33.193,0.042,0.008,-0.002,0.01,0.156,0.003,0.006,0.156,0.029,0.012,0.01,0.007,,100.124,49.419,50.293,0.029,0.005,-0.002,0.008,0.136,0.002,0.003,0.067,0.023,0.01,0.004,0.003,,1,S,0.9826,1,0.0006,0.0001,0,0.0002,0.0027,0,0.0001,0.0013,0.0004,0.0002,0.0001,0.0001,,0.0276,0.0042,0.0073,0.0096,0.0035,0.0099,0.0036,0.0082,0.007,0.0176,0.0061,0.01,0.0105,0.0177,,11/7/2018
C22MAH2_S1_I9_subI2,N/A,13,40,20,100,10,195,2,66.113,33.171,0.044,0.01,0,0.02,0.154,0,0.001,0.148,0.034,0.01,0.013,-0.006,,99.714,49.29,50.418,0.031,0.007,0,0.017,0.135,0,0.001,0.064,0.026,0.009,0.005,-0.003,,1,S,0.9776,1,0.0006,0.0001,0,0.0003,0.0027,0,0,0.0013,0.0005,0.0002,0.0001,-0.0001,,0.0276,0.0042,0.0072,0.0096,0.0035,0.0099,0.0035,0.0082,0.007,0.0176,0.0061,0.01,0.0105,0.0176,,11/7/2018
C22MAH2_S1_I9_subI2,N/A,13,40,20,100,10,196,3,66.459,33.306,0.041,0.012,-0.001,0.004,0.156,0.001,0.012,0.176,0.035,0.012,0.014,-0.007,,100.219,49.317,50.386,0.029,0.008,-0.001,0.003,0.135,0.001,0.007,0.076,0.027,0.01,0.005,-0.003,,1,S,0.9788,1,0.0006,0.0002,0,0.0001,0.0027,0,0.0001,0.0015,0.0005,0.0002,0.0001,-0.0001,,0.0276,0.0042,0.0072,0.0096,0.0035,0.0099,0.0035,0.0082,0.007,0.0176,0.0061,0.01,0.0105,0.0176,,11/7/2018
C22MAH2_S1_I9_subI2,N/A,13,40,20,100,10,197,4,66.241,33.337,0.039,0.014,0.002,0.009,0.155,0.011,0.012,0.148,0.031,0.008,0.015,-0.004,,100.017,49.213,50.494,0.027,0.009,0.001,0.007,0.135,0.007,0.007,0.064,0.024,0.007,0.006,-0.002,,1,S,0.9746,1,0.0005,0.0002,0,0.0001,0.0027,0.0001,0.0001,0.0013,0.0005,0.0001,0.0001,0,,0.0276,0.0042,0.0073,0.0096,0.0035,0.0099,0.0035,0.0082,0.007,0.0176,0.0061,0.01,0.0105,0.0177,,11/7/2018
C22MAH2_S1_I9_subI2,N/A,13,40,20,100,10,198,5,66.475,33.371,0.03,0.009,-0.002,0.022,0.162,0.014,0.007,0.138,0.029,0.012,0.015,-0.003,,100.279,49.275,50.431,0.021,0.006,-0.001,0.018,0.141,0.009,0.005,0.059,0.022,0.01,0.006,-0.001,,1,S,0.9771,1,0.0004,0.0001,0,0.0004,0.0028,0.0002,0.0001,0.0012,0.0004,0.0002,0.0001,0,,0.0276,0.0042,0.0072,0.0096,0.0035,0.0099,0.0035,0.0082,0.007,0.0176,0.0061,0.01,0.0105,0.0176,,11/7/2018
C22MAH2_S1_I9_subI2,N/A,13,40,20,100,10,199,6,66.46,33.401,0.036,0.003,0.001,0.021,0.146,0.009,0.009,0.157,0.028,0.003,0.012,0.002,,100.288,49.254,50.466,0.025,0.002,0.001,0.017,0.127,0.006,0.005,0.067,0.021,0.002,0.005,0.001,,1,S,0.976,1,0.0005,0,0,0.0003,0.0025,0.0001,0.0001,0.0013,0.0004,0,0.0001,0,,0.0276,0.0042,0.0072,0.0096,0.0035,0.0099,0.0035,0.0082,0.007,0.0176,0.0061,0.01,0.0105,0.0176,,11/7/2018
C22MAH2_S1_I9_subI2,N/A,13,40,20,100,10,200,7,66.517,33.289,0.024,0.002,-0.001,0.025,0.151,0.006,0.009,0.192,0.018,0.003,0.007,0.005,,100.245,49.358,50.361,0.017,0.001,-0.001,0.021,0.131,0.004,0.006,0.083,0.014,0.002,0.003,0.002,,1,S,0.9801,1,0.0003,0,0,0.0004,0.0026,0.0001,0.0001,0.0016,0.0003,0,0.0001,0,,0.0276,0.0042,0.0072,0.0096,0.0035,0.0099,0.0035,0.0082,0.007,0.0176,0.0061,0.01,0.0105,0.0176,,11/7/2018
C22MAH2_S1_I9_subI2,N/A,13,40,20,100,10,201,8,66.616,33.473,0.006,-0.003,-0.001,0.023,0.18,0.007,0.014,0.473,-0.01,0.007,0.011,-0.006,,100.791,49.203,50.405,0.004,-0.002,-0.001,0.019,0.156,0.004,0.009,0.203,-0.007,0.006,0.004,-0.003,,1,S,0.9762,1,0.0001,0,0,0.0004,0.0031,0.0001,0.0002,0.004,-0.0001,0.0001,0.0001,-0.0001,,0.0276,0.0042,0.0072,0.0096,0.0035,0.0099,0.0035,0.0082,0.007,0.0176,0.0061,0.01,0.0105,0.0176,,11/7/2018
C22MAH2_S1_I9_subI2,N/A,13,40,20,100,10,202,9,66.259,33.449,0.013,0.008,0,0.017,0.166,0.015,0.012,0.402,-0.003,-0.001,0.012,-0.005,,100.343,49.102,50.536,0.009,0.005,0,0.014,0.144,0.009,0.007,0.173,-0.002,-0.001,0.005,-0.002,,1,S,0.9716,1,0.0002,0.0001,0,0.0003,0.0029,0.0002,0.0001,0.0034,0,0,0.0001,0,,0.0276,0.0042,0.0073,0.0096,0.0035,0.0099,0.0036,0.0082,0.007,0.0176,0.0061,0.0102,0.0105,0.0177,,11/7/2018
C22MAH2_S1_I9_subI2,N/A,13,40,20,100,10,203,10,66.127,33.437,0.008,0.004,0,0.014,0.164,0.019,0.014,0.455,0.004,0.011,0.012,0.002,,100.27,49.045,50.559,0.005,0.003,0,0.012,0.142,0.012,0.009,0.196,0.003,0.009,0.005,0.001,,1,S,0.9701,1,0.0001,0.0001,0,0.0002,0.0028,0.0002,0.0002,0.0039,0.0001,0.0002,0.0001,0,,0.0276,0.0042,0.0072,0.0096,0.0035,0.0099,0.0035,0.0082,0.007,0.0176,0.0061,0.01,0.0105,0.0176,,11/7/2018
C22MAH2_S1_I9_subI2,N/A,13,40,20,100,10,204,11,66.439,33.441,0.04,0.027,0.002,0.016,0.133,0.017,0.011,0.195,0.032,0.002,0.016,0.007,,100.379,49.199,50.487,0.028,0.018,0.002,0.014,0.115,0.011,0.007,0.084,0.025,0.001,0.006,0.003,,1,S,0.9745,1,0.0006,0.0004,0,0.0003,0.0023,0.0002,0.0001,0.0017,0.0005,0,0.0001,0.0001,,0.0276,0.0042,0.0072,0.0096,0.0035,0.0099,0.0035,0.0082,0.007,0.0176,0.0061,0.01,0.0105,0.0176,,11/7/2018
C22MAH2_S1_I9_subI2,N/A,13,40,20,100,10,205,12,66.659,33.475,0.056,0.01,0.001,0.013,0.125,0.011,0.013,0.135,0.047,0.006,0.003,-0.001,,100.553,49.274,50.447,0.039,0.007,0.001,0.011,0.108,0.007,0.008,0.058,0.036,0.005,0.001,0,,1,S,0.9767,1,0.0008,0.0001,0,0.0002,0.0021,0.0001,0.0002,0.0012,0.0007,0.0001,0,0,,0.0276,0.0042,0.0072,0.0096,0.0035,0.0099,0.0035,0.0082,0.007,0.0176,0.0061,0.01,0.0105,0.0176,,11/7/2018
C22MAH2_S1_I9_subI2,N/A,13,40,20,100,10,206,13,66.904,33.448,0.047,0.014,0,0.012,0.135,0.023,0.008,0.175,0.026,0.011,0.012,-0.012,,100.802,49.379,50.329,0.032,0.009,0,0.01,0.117,0.015,0.005,0.075,0.02,0.009,0.005,-0.006,,1,S,0.9811,1,0.0006,0.0002,0,0.0002,0.0023,0.0003,0.0001,0.0015,0.0004,0.0002,0.0001,-0.0001,,0.0276,0.0042,0.0072,0.0096,0.0035,0.0099,0.0035,0.0082,0.007,0.0176,0.0061,0.01,0.0105,0.0176,,11/7/2018
C22MAH2_S1_I9_subI2,N/A,13,40,20,100,10,207,14,66.697,33.373,0.03,0.007,0.004,0.011,0.152,0.019,0.018,0.226,0.01,0.008,0.003,-0.001,,100.557,49.351,50.344,0.021,0.005,0.003,0.009,0.132,0.012,0.011,0.097,0.007,0.006,0.001,0,,1,S,0.9803,1,0.0004,0.0001,0.0001,0.0002,0.0026,0.0002,0.0002,0.0019,0.0001,0.0001,0,0,,0.0276,0.0042,0.0072,0.0096,0.0035,0.0099,0.0035,0.0082,0.007,0.0176,0.0061,0.01,0.0105,0.0176,,11/7/2018
C22MAH2_S1_I9_subI2,N/A,13,40,20,100,10,208,15,66.454,33.418,0.03,0.013,0.001,0.022,0.153,0.014,0.018,0.216,0.024,0.007,0.011,0.013,,100.394,49.215,50.457,0.021,0.009,0.001,0.018,0.132,0.009,0.011,0.093,0.018,0.006,0.004,0.006,,1,S,0.9754,1,0.0004,0.0002,0,0.0004,0.0026,0.0002,0.0002,0.0018,0.0004,0.0001,0.0001,0.0001,,0.0276,0.0042,0.0072,0.0096,0.0035,0.0099,0.0035,0.0082,0.007,0.0176,0.0061,0.01,0.0105,0.0176,,11/7/2018
C22MAH2_S1_I9_subI2,N/A,13,40,20,100,10,209,16,66.455,33.419,0.024,0.008,0.001,0.009,0.146,0.014,0.015,0.187,0.014,0.01,0.009,-0.004,,100.307,49.241,50.483,0.017,0.006,0.001,0.007,0.127,0.009,0.009,0.081,0.011,0.008,0.004,-0.002,,1,S,0.9754,1,0.0003,0.0001,0,0.0001,0.0025,0.0002,0.0002,0.0016,0.0002,0.0002,0.0001,0,,0.0275,0.0042,0.0072,0.0096,0.0035,0.0099,0.0035,0.0082,0.007,0.0176,0.0061,0.01,0.0105,0.0176,,11/7/2018
C22MAH2_S1_I9_subI2,N/A,13,40,20,100,10,210,17,66.515,33.523,0.025,0.006,0.002,0.028,0.143,0.015,0.019,0.179,0.01,0.005,0.009,0.014,,100.494,49.179,50.531,0.017,0.004,0.002,0.023,0.124,0.01,0.012,0.077,0.008,0.004,0.004,0.006,,1,S,0.9732,1,0.0003,0.0001,0,0.0005,0.0025,0.0002,0.0002,0.0015,0.0002,0.0001,0.0001,0.0001,,0.0275,0.0042,0.0072,0.0096,0.0035,0.0099,0.0035,0.0082,0.007,0.0176,0.0061,0.01,0.0105,0.0176,,11/7/2018
C22MAH2_S1_I9_subI2,N/A,13,40,20,100,10,211,18,66.604,33.51,0.025,0.001,0.002,0.014,0.166,0.016,0.014,0.216,0.002,0.001,0.011,0.005,,100.586,49.22,50.486,0.017,0,0.001,0.012,0.143,0.01,0.008,0.093,0.001,0.001,0.004,0.002,,1,S,0.9749,1,0.0003,0,0,0.0002,0.0028,0.0002,0.0002,0.0018,0,0,0.0001,0,,0.0275,0.0042,0.0072,0.0096,0.0035,0.0099,0.0035,0.0082,0.007,0.0176,0.0061,0.01,0.0105,0.0176,,11/7/2018
C22MAH2_S1_I9_subI2,N/A,13,40,20,100,10,212,19,66.386,33.162,0.017,-0.002,0.002,0.008,0.174,-0.001,-0.002,0.247,0.004,0.001,0.001,-0.008,,99.988,49.407,50.317,0.012,-0.001,0.002,0.007,0.152,-0.001,-0.001,0.107,0.003,0.001,0,-0.004,,1,S,0.9819,1,0.0002,0,0,0.0001,0.003,0,0,0.0021,0.0001,0,0,-0.0001,,0.0275,0.0042,0.0072,0.0096,0.0035,0.0099,0.0035,0.0082,0.007,0.0176,0.0061,0.01,0.0105,0.0176,,11/7/2018
C22MAH2_S1_I9_subI2,N/A,13,40,20,100,10,213,20,66.449,32.563,0.017,-0.001,0,0.031,0.168,0.012,0.019,0.19,-0.01,0.017,-0.003,-0.01,,99.444,49.879,49.833,0.012,-0.001,0,0.026,0.148,0.008,0.012,0.083,-0.008,0.014,-0.001,-0.004,,1,S,1.0009,1,0.0002,0,0,0.0005,0.003,0.0002,0.0002,0.0017,-0.0002,0.0003,0,-0.0001,,0.0275,0.0042,0.0072,0.0096,0.0035,0.0099,0.0035,0.0082,0.007,0.0176,0.0061,0.01,0.0105,0.0176,,11/7/2018
C22MAH2_S1_I9_subI2,N/A,13,40,20,100,10,214,21,66.271,33.436,0.027,0.005,0.003,0.014,0.164,0.01,0.012,0.21,0.007,0.009,0.01,0.02,,100.196,49.143,50.549,0.019,0.003,0.002,0.011,0.142,0.006,0.007,0.091,0.005,0.008,0.004,0.009,,1,S,0.9722,1,0.0004,0.0001,0,0.0002,0.0028,0.0001,0.0001,0.0018,0.0001,0.0002,0.0001,0.0002,,0.0275,0.0042,0.0072,0.0096,0.0035,0.0099,0.0035,0.0081,0.007,0.0176,0.0061,0.01,0.0105,0.0176,,11/7/2018
C22MAH2_S1_I9_subI2,N/A,13,40,20,100,10,215,22,65.818,33.756,0.03,0.018,-0.002,0.014,0.162,0.013,0.015,0.207,0.006,0.006,0.019,0.031,,100.092,48.729,50.951,0.021,0.012,-0.001,0.011,0.14,0.009,0.009,0.089,0.004,0.005,0.008,0.014,,1,S,0.9564,1,0.0004,0.0002,0,0.0002,0.0028,0.0002,0.0002,0.0017,0.0001,0.0001,0.0002,0.0003,,0.0275,0.0042,0.0072,0.0096,0.0035,0.0099,0.0035,0.0081,0.007,0.0176,0.0061,0.01,0.0105,0.0176,,11/7/2018
C22MAH2_S1_I9_subI2,N/A,13,40,20,100,10,216,23,66.156,33.39,0.021,0.008,0.002,0.031,0.158,0.028,0.023,0.204,0.012,0.015,0.002,0.009,,100.059,49.123,50.546,0.015,0.005,0.002,0.025,0.137,0.018,0.014,0.088,0.009,0.012,0.001,0.004,,1,S,0.9718,1,0.0003,0.0001,0,0.0005,0.0027,0.0004,0.0003,0.0017,0.0002,0.0002,0,0.0001,,0.0275,0.0042,0.0072,0.0096,0.0035,0.0099,0.0035,0.0081,0.007,0.0176,0.0061,0.01,0.0105,0.0176,,11/7/2018
C22MAH2_S1_I9_subI2,N/A,13,40,20,100,10,217,24,66.047,33.29,0.03,0.009,0.004,0.022,0.158,0.005,0.009,0.2,0.014,0.014,0.01,-0.001,,99.81,49.168,50.525,0.021,0.006,0.003,0.018,0.138,0.003,0.005,0.087,0.011,0.012,0.004,-0.001,,1,S,0.9731,1,0.0004,0.0001,0.0001,0.0004,0.0027,0.0001,0.0001,0.0017,0.0002,0.0002,0.0001,0,,0.0275,0.0042,0.0072,0.0096,0.0035,0.0099,0.0035,0.0081,0.007,0.0176,0.0061,0.01,0.0105,0.0176,,11/7/2018
C22MAH2_S1_I9_subI2,N/A,13,40,20,100,10,218,25,65.905,33.369,0.036,0.012,0.001,0.018,0.165,0.017,0.025,0.211,0.014,0.019,0.015,0.018,,99.826,49.034,50.615,0.025,0.008,0.001,0.015,0.143,0.011,0.015,0.091,0.011,0.016,0.006,0.008,,1,S,0.9688,1,0.0005,0.0002,0,0.0003,0.0028,0.0002,0.0003,0.0018,0.0002,0.0003,0.0001,0.0002,,0.0275,0.0042,0.0072,0.0096,0.0035,0.0099,0.0035,0.0081,0.007,0.0176,0.0061,0.01,0.0105,0.0176,,11/7/2018
C22MAH2_S1_I9_subI2,N/A,13,40,20,100,10,219,26,65.791,33.431,0.041,0.004,0,0.021,0.161,0.02,0.024,0.183,0.023,0.016,0.017,0.011,,99.743,48.951,50.711,0.028,0.003,0,0.017,0.14,0.013,0.015,0.079,0.018,0.014,0.007,0.005,,1,S,0.9653,1,0.0006,0.0001,0,0.0003,0.0028,0.0003,0.0003,0.0016,0.0003,0.0003,0.0001,0.0001,,0.0275,0.0042,0.0072,0.0096,0.0035,0.0099,0.0035,0.0081,0.007,0.0176,0.0061,0.01,0.0105,0.0176,,11/7/2018
C22MAH2_S1_I9_subI2,N/A,13,40,20,100,10,220,27,65.695,33.241,0.032,0.019,0.003,0.02,0.154,0.015,0.014,0.247,0.035,0.01,0.012,-0.004,,99.492,49.05,50.598,0.023,0.013,0.002,0.016,0.134,0.009,0.009,0.107,0.027,0.009,0.005,-0.002,,1,S,0.9694,1,0.0004,0.0003,0,0.0003,0.0027,0.0002,0.0002,0.0021,0.0005,0.0002,0.0001,0,,0.0275,0.0042,0.0072,0.0096,0.0035,0.0099,0.0035,0.0081,0.007,0.0176,0.0061,0.01,0.0105,0.0176,,11/7/2018
C22MAH2_S1_I9_subI2,N/A,13,40,20,100,10,221,28,66.128,33.198,0.023,0.01,0.003,0.017,0.164,0.018,0.014,0.261,0.016,0.011,0.01,0.012,,99.884,49.248,50.405,0.016,0.007,0.003,0.014,0.143,0.012,0.009,0.113,0.012,0.009,0.004,0.005,,1,S,0.977,1,0.0003,0.0001,0.0001,0.0003,0.0028,0.0002,0.0002,0.0022,0.0002,0.0002,0.0001,0.0001,,0.0275,0.0042,0.0072,0.0096,0.0035,0.0099,0.0035,0.0082,0.007,0.0176,0.0061,0.01,0.0105,0.0176,,11/7/2018
C22MAH2_S1_I9_subI2,N/A,13,40,20,100,10,222,29,65.283,32.994,-0.004,0.014,0.001,0.011,0.207,0,0.004,0.538,-0.01,0.013,-0.001,-0.014,,99.037,49.039,50.529,-0.002,0.01,0.001,0.009,0.182,0,0.002,0.235,-0.008,0.011,0,-0.006,,1,S,0.9705,1,-0.0001,0.0002,0,0.0002,0.0036,0,0,0.0047,-0.0002,0.0002,0,-0.0001,,0.0275,0.0042,0.0072,0.0096,0.0035,0.0099,0.0035,0.0081,0.007,0.0176,0.0061,0.01,0.0105,0.0176,,11/7/2018
C22MAH2_S1_I9,N/A,14,40,20,100,10,224,1,66.372,33.174,0,0.01,0,0.012,0.203,0.009,0.015,0.494,-0.019,0.007,0.004,-0.001,,100.28,49.325,50.261,0,0.007,0,0.01,0.177,0.006,0.01,0.213,-0.014,0.006,0.001,0,,1,S,0.9814,1,0,0.0001,0,0.0002,0.0035,0.0001,0.0002,0.0042,-0.0003,0.0001,0,0,,0.0275,0.0042,0.0072,0.0096,0.0035,0.0099,0.0035,0.0082,0.007,0.0176,0.0061,0.01,0.0105,0.0176,,11/7/2018
C22MAH2_S1_I9,N/A,14,40,20,100,10,225,2,66.181,33.315,0.032,0.013,-0.002,0.018,0.148,0.012,0.005,0.144,0.028,0,0.009,0.006,,99.909,49.217,50.51,0.022,0.009,-0.001,0.015,0.129,0.008,0.003,0.062,0.021,0,0.004,0.003,,1,S,0.9744,1,0.0004,0.0002,0,0.0003,0.0025,0.0002,0.0001,0.0012,0.0004,0,0.0001,0.0001,,0.0275,0.0042,0.0072,0.0096,0.0035,0.0099,0.0035,0.0081,0.007,0.0176,0.0061,0.0101,0.0105,0.0176,,11/7/2018
C22MAH2_S1_I9,N/A,14,40,20,100,10,226,3,65.917,33.477,0.022,0.004,0.002,0.029,0.152,0.027,0.027,0.203,0.011,0.01,0.022,0.032,,99.934,48.965,50.699,0.016,0.003,0.002,0.024,0.132,0.017,0.016,0.088,0.008,0.008,0.009,0.015,,1,S,0.9658,1,0.0003,0.0001,0,0.0005,0.0026,0.0003,0.0003,0.0017,0.0002,0.0002,0.0002,0.0003,,0.0275,0.0042,0.0072,0.0096,0.0035,0.0099,0.0035,0.0081,0.007,0.0176,0.0061,0.01,0.0105,0.0176,,11/7/2018
C22MAH2_S1_I9,N/A,14,40,20,100,10,227,4,66.131,33.55,0.03,0.019,0.001,0.011,0.145,0.026,0.025,0.151,0.035,0.014,0.017,0.008,,100.162,49.002,50.683,0.021,0.012,0.001,0.009,0.126,0.017,0.015,0.065,0.027,0.012,0.007,0.004,,1,S,0.9668,1,0.0004,0.0002,0,0.0002,0.0025,0.0003,0.0003,0.0013,0.0005,0.0002,0.0001,0.0001,,0.0275,0.0042,0.0072,0.0096,0.0035,0.0099,0.0035,0.0081,0.007,0.0176,0.0061,0.01,0.0104,0.0176,,11/7/2018
C22MAH2_S1_I9,N/A,14,40,20,100,10,228,5,66.22,33.239,0.067,0.02,0.002,0.017,0.197,0.019,0.015,0.162,0.057,0.012,0.002,-0.008,,100.022,49.231,50.38,0.046,0.013,0.002,0.014,0.171,0.012,0.009,0.07,0.044,0.01,0.001,-0.004,,1,S,0.9772,1,0.0009,0.0003,0,0.0003,0.0034,0.0002,0.0002,0.0014,0.0009,0.0002,0,-0.0001,,0.0275,0.0042,0.0072,0.0096,0.0035,0.0099,0.0035,0.0081,0.007,0.0176,0.0061,0.01,0.0105,0.0176,,11/7/2018
C22MAH2_S1_I9,N/A,14,40,20,100,10,229,6,67.015,33.248,0.031,0,0.003,0.025,0.178,0.013,0.011,0.268,0.005,0.026,-0.002,-0.004,,100.818,49.54,50.108,0.022,0,0.003,0.021,0.154,0.008,0.007,0.115,0.004,0.021,-0.001,-0.002,,1,S,0.9887,1,0.0004,0,0.0001,0.0004,0.0031,0.0002,0.0001,0.0023,0.0001,0.0004,0,0,,0.0275,0.0042,0.0072,0.0096,0.0035,0.0099,0.0035,0.0082,0.007,0.0176,0.0061,0.01,0.0105,0.0176,,11/7/2018
C22MAH2_S1_I9,N/A,14,40,20,100,10,230,7,66.691,33.77,0.035,0.016,0.001,0.012,0.174,0.009,0.012,0.184,0.055,0.013,0.014,0.006,,100.993,49.033,50.619,0.024,0.011,0.001,0.01,0.15,0.006,0.007,0.079,0.042,0.01,0.005,0.003,,1,S,0.9687,1,0.0005,0.0002,0,0.0002,0.003,0.0001,0.0001,0.0016,0.0008,0.0002,0.0001,0.0001,,0.0275,0.0042,0.0072,0.0096,0.0035,0.0099,0.0035,0.0081,0.007,0.0176,0.0061,0.01,0.0104,0.0176,,11/7/2018
C22MAH2_S1_I9,N/A,14,40,20,100,10,231,8,66.839,33.656,0.034,0.011,-0.002,0.02,0.189,0.035,0.018,0.185,0.007,0.013,0.017,0.027,,101.049,49.169,50.475,0.023,0.007,-0.002,0.017,0.163,0.022,0.011,0.079,0.005,0.011,0.007,0.012,,1,S,0.9741,1,0.0005,0.0001,0,0.0003,0.0032,0.0004,0.0002,0.0016,0.0001,0.0002,0.0001,0.0002,,0.0275,0.0042,0.0072,0.0096,0.0035,0.0099,0.0035,0.0082,0.007,0.0176,0.0061,0.01,0.0105,0.0176,,11/7/2018
C22MAH2_S1_I9,N/A,14,40,20,100,10,232,9,65.906,33.315,0.05,0.023,0,0.018,0.202,0.015,0.018,0.148,0.041,0.008,0.013,0.02,,99.777,49.062,50.56,0.035,0.015,0,0.015,0.176,0.009,0.011,0.064,0.032,0.007,0.005,0.009,,1,S,0.9704,1,0.0007,0.0003,0,0.0003,0.0035,0.0002,0.0002,0.0013,0.0006,0.0001,0.0001,0.0002,,0.0275,0.0042,0.0072,0.0096,0.0035,0.0099,0.0035,0.0081,0.007,0.0176,0.0061,0.01,0.0104,0.0176,,11/7/2018
C22MAH2_S1_I9,N/A,14,40,20,100,10,233,10,66.223,33.544,0.029,0.009,0.001,0.019,0.168,0.008,0.018,0.195,0.013,0.005,0.018,0.011,,100.261,49.042,50.644,0.02,0.006,0.001,0.016,0.146,0.005,0.011,0.084,0.01,0.004,0.007,0.005,,1,S,0.9684,1,0.0004,0.0001,0,0.0003,0.0029,0.0001,0.0002,0.0017,0.0002,0.0001,0.0001,0.0001,,0.0275,0.0042,0.0072,0.0096,0.0035,0.0099,0.0035,0.0081,0.007,0.0176,0.0061,0.01,0.0104,0.0176,,11/7/2018
C22MAH2_S1_I9,N/A,14,40,20,100,10,234,11,66.816,33.508,0.022,0.004,0.001,0.013,0.141,0.017,0.019,0.168,-0.003,0.005,0.019,0.001,,100.732,49.319,50.425,0.015,0.002,0.001,0.011,0.122,0.011,0.012,0.072,-0.002,0.004,0.008,0,,1,S,0.9781,1,0.0003,0,0,0.0002,0.0024,0.0002,0.0002,0.0014,0,0.0001,0.0002,0,,0.0275,0.0042,0.0072,0.0096,0.0035,0.0099,0.0035,0.0081,0.007,0.0176,0.0061,0.01,0.0104,0.0176,,11/7/2018
C22MAH2_S1_I10,N/A,15,40,20,100,10,235,1,65.529,33.423,0.035,0.041,-0.001,0.007,0.141,0.01,0.017,0.143,0.083,0.014,0.015,0.02,,99.477,48.852,50.799,0.024,0.028,-0.001,0.006,0.123,0.007,0.01,0.062,0.063,0.012,0.006,0.009,,1,S,0.9617,1,0.0005,0.0005,0,0.0001,0.0024,0.0001,0.0002,0.0012,0.0012,0.0002,0.0001,0.0002,,0.0275,0.0042,0.0072,0.0095,0.0035,0.0099,0.0035,0.0081,0.007,0.0176,0.0061,0.01,0.0104,0.0176,,11/7/2018
C22MAH2_S1_I10,N/A,15,40,20,100,10,236,2,65.505,33.245,0.023,0.067,-0.001,0.015,0.158,0.02,0.014,0.13,0.109,0.015,0.009,-0.005,,99.305,48.957,50.656,0.016,0.045,-0.001,0.013,0.139,0.013,0.009,0.057,0.084,0.012,0.004,-0.002,,1,S,0.9665,1,0.0003,0.0009,0,0.0003,0.0027,0.0003,0.0002,0.0011,0.0017,0.0002,0.0001,0,,0.0275,0.0042,0.0072,0.0095,0.0035,0.0099,0.0035,0.0081,0.007,0.0176,0.0061,0.01,0.0104,0.0176,,11/7/2018
C22MAH2_S1_I10,N/A,15,40,20,100,10,237,3,66.11,33.088,0.016,0.066,0.004,0.006,0.138,0.013,0.014,0.094,0.11,0.018,0.007,-0.009,,99.673,49.328,50.333,0.011,0.044,0.003,0.005,0.12,0.009,0.008,0.041,0.084,0.015,0.003,-0.004,,1,S,0.98,1,0.0002,0.0009,0.0001,0.0001,0.0024,0.0002,0.0002,0.0008,0.0017,0.0003,0.0001,-0.0001,,0.0275,0.0042,0.0072,0.0096,0.0035,0.0098,0.0035,0.0081,0.007,0.0176,0.0061,0.0099,0.0104,0.0176,,11/7/2018
C22MAH2_S1_I10,N/A,15,40,20,100,10,238,4,66.01,33.304,0.022,0.027,0,0.022,0.132,0.02,0.015,0.155,0.033,0.002,0.012,0.009,,99.764,49.151,50.557,0.015,0.018,0,0.018,0.115,0.013,0.009,0.067,0.025,0.002,0.005,0.004,,1,S,0.9722,1,0.0003,0.0004,0,0.0004,0.0023,0.0003,0.0002,0.0013,0.0005,0,0.0001,0.0001,,0.0275,0.0042,0.0072,0.0096,0.0035,0.0099,0.0035,0.0081,0.007,0.0176,0.0061,0.01,0.0104,0.0176,,11/7/2018
C22MAH2_S1_I10,N/A,15,40,20,100,10,239,5,66.722,33.353,0.034,0.002,-0.001,0.018,0.179,0.015,0.013,0.174,0.011,0.018,0.008,0.015,,100.562,49.368,50.312,0.024,0.001,-0.001,0.015,0.155,0.009,0.008,0.075,0.009,0.015,0.003,0.007,,1,S,0.9812,1,0.0005,0,0,0.0003,0.0031,0.0002,0.0002,0.0015,0.0002,0.0003,0.0001,0.0001,,0.0275,0.0042,0.0072,0.0096,0.0035,0.0099,0.0035,0.0081,0.007,0.0176,0.0061,0.01,0.0104,0.0176,,11/7/2018
C22MAH2_S1_I10,N/A,15,40,20,100,10,240,6,65.907,33.057,0.049,0.021,0,0.03,0.168,0.026,0.028,0.18,0.048,0.019,0.008,0.004,,99.546,49.249,50.36,0.034,0.014,0,0.025,0.147,0.017,0.017,0.078,0.037,0.016,0.003,0.002,,1,S,0.9779,1,0.0007,0.0003,0,0.0005,0.0029,0.0003,0.0003,0.0016,0.0007,0.0003,0.0001,0,,0.0275,0.0042,0.0072,0.0096,0.0035,0.0099,0.0035,0.0081,0.007,0.0176,0.0061,0.01,0.0104,0.0176,,11/7/2018
C22MAH2_S1_I10,N/A,15,40,20,100,10,241,7,66.541,33.171,0.035,0.057,0,0.011,0.11,0.025,0.02,0.124,0.099,0.011,0,0.009,,100.214,49.427,50.234,0.024,0.038,0,0.009,0.096,0.016,0.012,0.054,0.076,0.009,0,0.004,,1,S,0.9839,1,0.0005,0.0008,0,0.0002,0.0019,0.0003,0.0002,0.0011,0.0015,0.0002,0,0.0001,,0.0275,0.0042,0.0072,0.0096,0.0035,0.0098,0.0035,0.0082,0.007,0.0176,0.0061,0.0099,0.0104,0.0176,,11/7/2018
C22MAH2_S1_I10,N/A,15,40,20,100,10,242,8,66.114,33.309,0.02,0.067,0.001,0.012,0.143,0.017,0.013,0.149,0.12,0.012,0.008,0.014,,99.999,49.139,50.472,0.014,0.045,0.001,0.009,0.124,0.011,0.008,0.065,0.092,0.01,0.003,0.006,,1,S,0.9736,1,0.0003,0.0009,0,0.0002,0.0025,0.0002,0.0002,0.0013,0.0018,0.0002,0.0001,0.0001,,0.0274,0.0042,0.0072,0.0096,0.0035,0.0099,0.0035,0.0081,0.007,0.0176,0.0061,0.01,0.0104,0.0176,,11/7/2018
C22MAH2_S1_I10,N/A,15,40,20,100,10,243,9,65.563,33.089,0.008,0.007,0,0.009,0.189,0.019,0.014,0.423,0.011,0,0.016,0.002,,99.351,49.087,50.508,0.006,0.004,0,0.008,0.166,0.013,0.009,0.184,0.008,0,0.006,0.001,,1,S,0.9719,1,0.0001,0.0001,0,0.0002,0.0033,0.0003,0.0002,0.0036,0.0002,0,0.0001,0,,0.0275,0.0042,0.0072,0.0096,0.0035,0.0099,0.0035,0.0081,0.007,0.0176,0.0061,0.01,0.0105,0.0176,,11/7/2018
C22MAH2_S1_I10,N/A,15,40,20,100,10,244,10,65.921,33.116,0.026,0.041,0,0.006,0.168,0.015,0.016,0.203,0.066,0.001,0.012,0.009,,99.601,49.222,50.412,0.018,0.028,0,0.005,0.147,0.01,0.01,0.088,0.051,0.001,0.005,0.004,,1,S,0.9764,1,0.0004,0.0006,0,0.0001,0.0029,0.0002,0.0002,0.0018,0.001,0,0.0001,0.0001,,0.0274,0.0042,0.0072,0.0096,0.0035,0.0099,0.0035,0.0081,0.007,0.0176,0.0061,0.01,0.0104,0.0176,,11/7/2018
C22MAH2_S1_I10,N/A,15,40,20,100,10,245,11,65.785,33.361,0.037,0.044,0.004,0.019,0.144,0.015,0.016,0.121,0.108,0.011,0.007,0.016,,99.686,48.984,50.644,0.026,0.029,0.004,0.015,0.125,0.009,0.01,0.052,0.083,0.009,0.003,0.007,,1,S,0.9672,1,0.0005,0.0006,0.0001,0.0003,0.0025,0.0002,0.0002,0.001,0.0016,0.0002,0.0001,0.0001,,0.0274,0.0042,0.0072,0.0095,0.0035,0.0098,0.0035,0.0081,0.007,0.0176,0.0061,0.01,0.0104,0.0176,,11/7/2018
C22MAH2_S1_I10,N/A,15,40,20,100,10,246,12,66.065,33.23,0.02,0.062,0,0.016,0.114,0.013,0.021,0.103,0.104,0.016,0.011,0.009,,99.784,49.205,50.459,0.014,0.042,0,0.013,0.099,0.009,0.013,0.045,0.079,0.013,0.004,0.004,,1,S,0.9752,1,0.0003,0.0008,0,0.0003,0.002,0.0002,0.0003,0.0009,0.0016,0.0003,0.0001,0.0001,,0.0274,0.0042,0.0072,0.0095,0.0035,0.0098,0.0035,0.0081,0.007,0.0176,0.0061,0.0099,0.0104,0.0176,,11/7/2018
C22MAH2_S1_I10,N/A,15,40,20,100,10,247,13,65.757,33.175,0.049,0.054,0.002,0.012,0.119,0.02,0.02,0.119,0.102,0.012,0.008,0.023,,99.473,49.116,50.518,0.034,0.037,0.002,0.01,0.104,0.013,0.012,0.052,0.078,0.01,0.003,0.01,,1,S,0.9722,1,0.0007,0.0007,0,0.0002,0.0021,0.0003,0.0002,0.001,0.0015,0.0002,0.0001,0.0002,,0.0274,0.0042,0.0072,0.0095,0.0035,0.0098,0.0035,0.0081,0.007,0.0176,0.0061,0.01,0.0104,0.0176,,11/7/2018
C22MAH2_S1_I10,N/A,15,40,20,100,10,248,14,64.986,33.315,0.094,0.027,0.004,0.022,0.14,0.028,0.027,0.153,0.076,0.016,0.018,0.012,,98.919,48.693,50.892,0.066,0.018,0.003,0.018,0.123,0.019,0.017,0.067,0.059,0.013,0.007,0.005,,1,S,0.9568,1,0.0013,0.0004,0.0001,0.0004,0.0024,0.0004,0.0003,0.0013,0.0012,0.0003,0.0001,0.0001,,0.0274,0.0042,0.0072,0.0095,0.0035,0.0099,0.0035,0.0081,0.007,0.0176,0.0061,0.01,0.0104,0.0176,,11/7/2018
C22MAH2_S1_I11,N/A,16,40,20,100,10,249,1,65.861,33.134,0.035,0.049,-0.002,0.014,0.164,0.017,0.021,0.124,0.092,0.016,0.02,0.021,,99.567,49.174,50.436,0.025,0.033,-0.002,0.012,0.143,0.011,0.013,0.054,0.07,0.014,0.008,0.01,,1,S,0.975,1,0.0005,0.0006,0,0.0002,0.0028,0.0002,0.0003,0.0011,0.0014,0.0003,0.0002,0.0002,,0.0274,0.0042,0.0072,0.0095,0.0035,0.0098,0.0035,0.0081,0.007,0.0176,0.0061,0.01,0.0104,0.0176,,11/7/2018
C22MAH2_S1_I11,N/A,16,40,20,100,10,250,2,65.704,33.154,0.022,0.055,0.004,0.023,0.153,0.014,0.01,0.115,0.092,0.006,0.016,-0.006,,99.363,49.117,50.529,0.015,0.037,0.004,0.019,0.134,0.009,0.006,0.05,0.07,0.005,0.006,-0.003,,1,S,0.9721,1,0.0003,0.0007,0.0001,0.0004,0.0026,0.0002,0.0001,0.001,0.0014,0.0001,0.0001,-0.0001,,0.0274,0.0042,0.0072,0.0095,0.0035,0.0098,0.0035,0.0081,0.007,0.0175,0.0061,0.01,0.0104,0.0176,,11/7/2018
C22MAH2_S1_I11,N/A,16,40,20,100,10,251,3,65.193,32.949,0.013,0.024,0.001,0.024,0.155,0.004,0.006,0.292,0.032,0.012,0.005,0.007,,98.717,49.076,50.567,0.009,0.016,0.001,0.02,0.137,0.003,0.003,0.128,0.024,0.01,0.002,0.003,,1,S,0.9705,1,0.0002,0.0003,0,0.0004,0.0027,0.0001,0.0001,0.0025,0.0005,0.0002,0,0.0001,,0.0275,0.0042,0.0072,0.0096,0.0035,0.0099,0.0035,0.0081,0.007,0.0176,0.0061,0.01,0.0105,0.0176,,11/7/2018
C22MAH2_S1_I11,N/A,16,40,20,100,10,252,4,65.733,33.089,0.017,0.011,0.004,0.012,0.147,0.015,0.016,0.157,0.007,0.01,0.01,0,,99.227,49.22,50.514,0.012,0.008,0.004,0.01,0.129,0.01,0.01,0.068,0.005,0.008,0.004,0,,1,S,0.9744,1,0.0002,0.0002,0.0001,0.0002,0.0025,0.0002,0.0002,0.0014,0.0001,0.0002,0.0001,0,,0.0274,0.0042,0.0072,0.0095,0.0035,0.0098,0.0035,0.0081,0.007,0.0175,0.0061,0.0099,0.0104,0.0176,,11/7/2018
C22MAH2_S1_I11,N/A,16,40,20,100,10,253,5,65.848,33.132,0.018,0.031,0.001,0.017,0.18,0.015,0.004,0.187,0.059,0.01,-0.001,0.004,,99.505,49.188,50.458,0.013,0.021,0.001,0.014,0.157,0.01,0.003,0.081,0.045,0.008,0,0.002,,1,S,0.9748,1,0.0002,0.0004,0,0.0003,0.0031,0.0002,0.0001,0.0016,0.0009,0.0002,0,0,,0.0274,0.0042,0.0072,0.0095,0.0035,0.0098,0.0035,0.0081,0.007,0.0175,0.0061,0.01,0.0104,0.0176,,11/7/2018
C22MAH2_S1_I17,N/A,17,40,20,100,10,254,1,65.513,33.275,0.004,0.058,0,0.026,0.194,0.008,0.019,0.223,0.07,0.014,0.015,0.001,,99.417,48.923,50.66,0.003,0.039,0,0.021,0.169,0.005,0.012,0.097,0.054,0.011,0.006,0,,1,S,0.9657,1,0.0001,0.0008,0,0.0004,0.0033,0.0001,0.0002,0.0019,0.0011,0.0002,0.0001,0,,0.0274,0.0042,0.0072,0.0095,0.0035,0.0099,0.0035,0.0081,0.007,0.0175,0.0061,0.01,0.0104,0.0176,,11/7/2018
C22MAH2_S1_I18,N/A,18,40,20,100,10,255,1,65.796,33.28,0.054,0.075,0.002,0.022,0.196,0.027,0.024,0.169,0.138,0.015,0.015,0.007,,99.817,48.981,50.51,0.037,0.05,0.002,0.018,0.17,0.017,0.015,0.073,0.105,0.013,0.006,0.003,,1,S,0.9697,1,0.0007,0.001,0,0.0004,0.0034,0.0003,0.0003,0.0014,0.0021,0.0003,0.0001,0.0001,,0.0274,0.0042,0.0072,0.0095,0.0035,0.0098,0.0035,0.0081,0.007,0.0175,0.0061,0.01,0.0104,0.0176,,11/7/2018
C22MAH2_S1_I18,N/A,18,40,20,100,10,256,2,65.803,33.25,0.059,0.075,0.002,0.017,0.136,0.026,0.017,0.16,0.131,0.017,0.011,0.01,,99.714,49.038,50.516,0.041,0.05,0.002,0.014,0.118,0.017,0.011,0.07,0.1,0.014,0.004,0.005,,1,S,0.9707,1,0.0008,0.001,0,0.0003,0.0023,0.0003,0.0002,0.0014,0.002,0.0003,0.0001,0.0001,,0.0274,0.0042,0.0072,0.0095,0.0035,0.0098,0.0035,0.0081,0.007,0.0175,0.0061,0.01,0.0104,0.0176,,11/7/2018
C22MAH2_S1_I18,N/A,18,40,20,100,10,257,3,65.962,33.352,0.06,0.067,0.003,0.02,0.117,0.018,0.015,0.155,0.14,0.009,0.007,0.006,,99.931,49.036,50.548,0.042,0.045,0.003,0.017,0.102,0.012,0.009,0.067,0.107,0.007,0.003,0.003,,1,S,0.9701,1,0.0008,0.0009,0.0001,0.0003,0.002,0.0002,0.0002,0.0013,0.0021,0.0001,0.0001,0.0001,,0.0274,0.0042,0.0072,0.0095,0.0035,0.0098,0.0035,0.0081,0.007,0.0175,0.0061,0.0099,0.0104,0.0176,,11/7/2018
C22MAH2_S1_I18,N/A,18,40,20,100,10,258,4,65.978,33.288,0.064,0.07,-0.001,0.019,0.114,0.02,0.015,0.146,0.135,0.019,0.024,0.003,,99.894,49.088,50.491,0.045,0.047,-0.001,0.016,0.1,0.013,0.009,0.063,0.103,0.016,0.01,0.001,,1,S,0.9722,1,0.0009,0.0009,0,0.0003,0.002,0.0003,0.0002,0.0012,0.002,0.0003,0.0002,0,,0.0274,0.0042,0.0072,0.0095,0.0035,0.0098,0.0035,0.0081,0.007,0.0175,0.0061,0.0099,0.0104,0.0176,,11/7/2018
C22MAH2_S1_I18,N/A,18,40,20,100,10,259,5,65.912,33.289,0.078,0.056,0.002,0.023,0.111,0.019,0.011,0.15,0.131,0.014,0.013,0,,99.809,49.067,50.522,0.055,0.038,0.002,0.019,0.097,0.012,0.007,0.065,0.1,0.012,0.005,0,,1,S,0.9712,1,0.0011,0.0007,0,0.0004,0.0019,0.0002,0.0001,0.0013,0.002,0.0002,0.0001,0,,0.0274,0.0042,0.0072,0.0095,0.0035,0.0098,0.0035,0.0081,0.007,0.0175,0.0061,0.0099,0.0104,0.0176,,11/7/2018
C22MAH2_S1_I18,N/A,18,40,20,100,10,260,6,66.128,33.297,0.07,0.06,0.003,0.022,0.109,0.023,0.021,0.16,0.121,0.008,0.016,0.021,,100.061,49.139,50.443,0.049,0.04,0.002,0.019,0.095,0.015,0.013,0.069,0.092,0.007,0.006,0.01,,1,S,0.9741,1,0.001,0.0008,0.0001,0.0004,0.0019,0.0003,0.0003,0.0014,0.0018,0.0001,0.0001,0.0002,,0.0274,0.0042,0.0072,0.0095,0.0035,0.0098,0.0035,0.0081,0.007,0.0175,0.0061,0.0099,0.0104,0.0176,,11/7/2018
C22MAH2_S1_I18,N/A,18,40,20,100,10,261,7,66.212,33.272,0.066,0.067,0,0.021,0.111,0.019,0.013,0.163,0.138,0.017,0.017,0.008,,100.124,49.185,50.389,0.046,0.045,0,0.017,0.096,0.013,0.008,0.071,0.105,0.014,0.007,0.004,,1,S,0.9761,1,0.0009,0.0009,0,0.0003,0.0019,0.0002,0.0002,0.0014,0.0021,0.0003,0.0001,0.0001,,0.0274,0.0042,0.0072,0.0095,0.0035,0.0098,0.0035,0.0081,0.007,0.0175,0.0061,0.0099,0.0104,0.0176,,11/7/2018
C22MAH2_S1_I18,N/A,18,40,20,100,10,262,8,65.903,33.295,0.062,0.078,0.003,0.018,0.116,0.017,0.022,0.162,0.131,0.01,0.017,0.018,,99.851,49.049,50.52,0.043,0.052,0.002,0.015,0.101,0.011,0.013,0.07,0.1,0.008,0.007,0.008,,1,S,0.9709,1,0.0009,0.001,0,0.0003,0.002,0.0002,0.0003,0.0014,0.002,0.0002,0.0001,0.0002,,0.0274,0.0042,0.0072,0.0095,0.0035,0.0098,0.0035,0.0081,0.007,0.0175,0.0061,0.0099,0.0104,0.0176,,11/7/2018
C22MAH2_S1_I18,N/A,18,40,20,100,10,263,9,65.737,33.41,0.052,0.067,0.002,0.027,0.148,0.018,0.007,0.253,0.123,0.006,0.018,0.001,,99.869,48.883,50.65,0.036,0.045,0.002,0.022,0.129,0.012,0.004,0.109,0.094,0.005,0.007,0,,1,S,0.9651,1,0.0007,0.0009,0,0.0004,0.0026,0.0002,0.0001,0.0022,0.0019,0.0001,0.0001,0,,0.0274,0.0042,0.0072,0.0096,0.0035,0.0099,0.0035,0.0081,0.007,0.0176,0.0061,0.01,0.0104,0.0176,,11/7/2018
C22MAH2_S1_I19,N/A,19,40,20,100,10,265,1,66.604,33.298,0.004,0.035,0.003,0.013,0.22,0.015,0.017,0.366,0.031,0.007,0.003,0.008,,100.623,49.305,50.253,0.003,0.023,0.002,0.011,0.191,0.009,0.011,0.158,0.024,0.006,0.001,0.004,,1,S,0.9811,1,0.0001,0.0005,0,0.0002,0.0038,0.0002,0.0002,0.0031,0.0005,0.0001,0,0.0001,,0.0274,0.0042,0.0072,0.0095,0.0035,0.0099,0.0035,0.0081,0.007,0.0175,0.0061,0.01,0.0104,0.0176,,11/7/2018
C22MAH2_S1_I19,N/A,19,40,20,100,10,266,2,66.486,33.362,0.025,0.01,-0.001,0.019,0.229,0.008,0.007,0.25,-0.003,0.007,0.019,0.017,,100.436,49.246,50.38,0.017,0.007,-0.001,0.015,0.199,0.005,0.004,0.108,-0.002,0.005,0.007,0.008,,1,S,0.9775,1,0.0003,0.0001,0,0.0003,0.0039,0.0001,0.0001,0.0021,0,0.0001,0.0001,0.0002,,0.0274,0.0042,0.0072,0.0095,0.0035,0.0098,0.0035,0.0081,0.007,0.0175,0.0061,0.01,0.0104,0.0176,,11/7/2018
C22MAH2_S1_I19,N/A,19,40,20,100,10,267,3,64.828,32.775,0.002,0.013,-0.003,0.025,0.21,0.01,0.007,0.407,0.035,0.011,0.008,0.004,,98.332,49.024,50.531,0.001,0.009,-0.003,0.021,0.186,0.007,0.004,0.179,0.027,0.009,0.003,0.002,,1,S,0.9702,1,0,0.0002,-0.0001,0.0004,0.0037,0.0001,0.0001,0.0035,0.0005,0.0002,0.0001,0,,0.0286,0.0044,0.0075,0.0099,0.0036,0.0103,0.0037,0.0085,0.0073,0.0183,0.0064,0.0104,0.0109,0.0183,,11/7/2018
C22MAH2_S1_I19,N/A,19,40,20,100,10,268,4,65.086,32.994,0.014,0.007,-0.001,0.016,0.296,-0.004,-0.001,0.383,0.021,0.006,0.007,-0.003,,98.82,48.944,50.583,0.01,0.005,0,0.013,0.26,-0.003,-0.001,0.168,0.016,0.005,0.003,-0.001,,1,S,0.9676,1,0.0002,0.0001,0,0.0003,0.0051,-0.0001,0,0.0033,0.0003,0.0001,0.0001,0,,0.0286,0.0044,0.0075,0.0099,0.0036,0.0103,0.0037,0.0085,0.0073,0.0183,0.0064,0.0104,0.0109,0.0183,,11/7/2018
C22MAH2_S1_I19,N/A,19,40,20,100,10,269,5,64.446,33.034,0.002,0.063,-0.002,0.012,0.171,0.013,0.008,0.147,0.109,-0.001,0.015,-0.004,,98.012,48.718,50.912,0.001,0.043,-0.002,0.01,0.151,0.009,0.005,0.064,0.085,-0.001,0.006,-0.002,,1,S,0.9569,1,0,0.0008,0,0.0002,0.003,0.0002,0.0001,0.0013,0.0017,0,0.0001,0,,0.0285,0.0044,0.0075,0.0099,0.0036,0.0103,0.0037,0.0085,0.0073,0.0183,0.0064,0.0105,0.0109,0.0183,,11/7/2018
C22MAH2_S1_I22,N/A,20,40,20,100,10,271,1,64.758,32.865,0.08,0.049,-0.006,0.018,0.116,0.004,0.012,0.191,0.12,0.013,0.004,-0.004,,98.222,48.951,50.648,0.057,0.033,-0.005,0.015,0.102,0.003,0.007,0.084,0.094,0.011,0.002,-0.002,,1,S,0.9665,1,0.0011,0.0007,-0.0001,0.0003,0.002,0.0001,0.0001,0.0017,0.0018,0.0002,0,0,,0.0286,0.0044,0.0075,0.0099,0.0036,0.0103,0.0037,0.0085,0.0073,0.0183,0.0064,0.0104,0.0109,0.0183,,11/7/2018
C22MAH2_S1_I23,N/A,21,40,20,100,10,277,1,64.541,32.932,0.01,-0.01,-0.001,0.014,0.254,0.007,0.006,0.472,0.002,0.012,0.011,0.001,,98.252,48.783,50.748,0.007,-0.007,-0.001,0.012,0.225,0.005,0.004,0.207,0.002,0.01,0.004,0,,1,S,0.9613,1,0.0001,-0.0001,0,0.0002,0.0044,0.0001,0.0001,0.0041,0,0.0002,0.0001,0,,0.0286,0.0044,0.0075,0.0099,0.0036,0.0103,0.0037,0.0085,0.0073,0.0183,0.0064,0.0104,0.0109,0.0183,,11/7/2018
C22MAH2_S1_I23,N/A,21,40,20,100,10,278,2,64.59,32.965,0.024,0.005,-0.005,0.006,0.277,0.011,0.006,0.526,0.02,-0.001,0.009,0.013,,98.445,48.747,50.722,0.017,0.003,-0.004,0.005,0.245,0.007,0.004,0.231,0.015,-0.001,0.004,0.006,,1,S,0.9611,1,0.0003,0.0001,-0.0001,0.0001,0.0048,0.0001,0.0001,0.0045,0.0003,0,0.0001,0.0001,,0.0286,0.0044,0.0075,0.0099,0.0036,0.0103,0.0037,0.0085,0.0073,0.0183,0.0064,0.0106,0.0109,0.0183,,11/7/2018
C22MAH2_S1_I23,N/A,21,40,20,100,10,279,3,64.746,32.989,-0.002,-0.005,-0.003,0.01,0.288,-0.006,0.007,0.617,-0.017,0,-0.001,0.005,,98.629,48.797,50.688,-0.002,-0.004,-0.003,0.009,0.254,-0.004,0.004,0.27,-0.013,0,0,0.002,,1,S,0.9627,1,0,-0.0001,-0.0001,0.0002,0.005,-0.0001,0.0001,0.0053,-0.0003,0,0,0,,0.0286,0.0044,0.0075,0.01,0.0036,0.0103,0.0037,0.0085,0.0073,0.0183,0.0064,0.0104,0.0109,0.0183,,11/7/2018
C22MAH2_S1_I23,N/A,21,40,20,100,10,280,4,64.592,32.878,-0.009,-0.013,0,0.011,0.254,0.002,0.002,0.71,-0.013,0.005,0.009,0.007,,98.435,48.812,50.654,-0.006,-0.009,0,0.009,0.224,0.001,0.001,0.312,-0.01,0.004,0.004,0.003,,1,S,0.9636,1,-0.0001,-0.0002,0,0.0002,0.0044,0,0,0.0062,-0.0002,0.0001,0.0001,0.0001,,0.0286,0.0044,0.0075,0.01,0.0036,0.0103,0.0037,0.0085,0.0073,0.0183,0.0064,0.0104,0.0109,0.0183,,11/8/2018
C22MAH2_S1_I27,N/A,22,40,20,100,10,284,3,64.77,32.806,0.009,0.058,0,0.013,0.157,0.002,0.001,0.142,0.093,0.002,0.012,-0.003,,98.061,49.032,50.631,0.006,0.04,0,0.011,0.139,0.002,0.001,0.062,0.072,0.002,0.005,-0.001,,1,S,0.9684,1,0.0001,0.0008,0,0.0002,0.0028,0,0,0.0012,0.0014,0,0.0001,0,,0.0285,0.0044,0.0075,0.0099,0.0036,0.0103,0.0037,0.0085,0.0073,0.0183,0.0063,0.0104,0.0109,0.0183,,11/8/2018
C22MAH2_S1_I27,N/A,22,40,20,100,10,286,5,64.708,32.76,0.002,0.019,0,0.013,0.215,-0.003,-0.008,0.361,0.034,0.002,0.001,-0.007,,98.097,49.015,50.592,0.001,0.013,0,0.011,0.191,-0.002,-0.005,0.159,0.026,0.002,0,-0.003,,1,S,0.9688,1,0,0.0003,0,0.0002,0.0038,0,-0.0001,0.0031,0.0005,0,0,-0.0001,,0.0285,0.0044,0.0075,0.0099,0.0036,0.0103,0.0037,0.0085,0.0073,0.0183,0.0064,0.0104,0.0109,0.0183,,11/8/2018
C22MAH2_S1_I27,N/A,22,40,20,100,10,287,6,64.814,32.613,0,0.013,-0.001,0.01,0.205,0.011,0.01,0.362,0.022,0.007,0,0.008,,98.072,49.166,50.437,0,0.009,-0.001,0.008,0.182,0.007,0.006,0.16,0.017,0.006,0,0.004,,1,S,0.9748,1,0,0.0002,0,0.0002,0.0036,0.0001,0.0001,0.0032,0.0003,0.0001,0,0.0001,,0.0285,0.0044,0.0075,0.0099,0.0036,0.0103,0.0037,0.0085,0.0073,0.0183,0.0064,0.0104,0.0109,0.0183,,11/8/2018
C22MAH2_S1_I27,N/A,22,40,20,100,10,288,7,64.989,32.792,-0.003,0.04,-0.004,0.009,0.167,0.007,0.003,0.183,0.069,0,0.004,-0.003,,98.253,49.136,50.546,-0.002,0.027,-0.003,0.007,0.148,0.005,0.002,0.08,0.054,0,0.002,-0.001,,1,S,0.9721,1,-0.0001,0.0005,-0.0001,0.0001,0.0029,0.0001,0,0.0016,0.0011,0,0,0,,0.0285,0.0044,0.0075,0.0099,0.0036,0.0102,0.0037,0.0085,0.0073,0.0183,0.0063,0.0104,0.0109,0.0183,,11/8/2018
C22MAH2_S1_I27,N/A,22,40,20,100,10,289,8,65.102,32.766,-0.004,0.024,-0.002,0.011,0.161,0.009,-0.002,0.17,0.053,-0.002,0.006,-0.002,,98.29,49.215,50.5,-0.003,0.017,-0.001,0.01,0.143,0.006,-0.001,0.075,0.041,-0.001,0.002,-0.001,,1,S,0.9746,1,-0.0001,0.0003,0,0.0002,0.0028,0.0001,0,0.0015,0.0008,0,0,0,,0.0285,0.0044,0.0075,0.0099,0.0036,0.0102,0.0037,0.0085,0.0073,0.0183,0.0063,0.0105,0.0109,0.0183,,11/8/2018
C22MAH2_S1_I27,N/A,22,40,20,100,10,290,9,64.889,32.7,-0.002,0.036,-0.001,0.02,0.189,0.011,0.009,0.244,0.066,0.008,0.005,-0.003,,98.171,49.134,50.48,-0.002,0.025,-0.001,0.017,0.167,0.008,0.005,0.108,0.052,0.007,0.002,-0.001,,1,S,0.9733,1,0,0.0005,0,0.0003,0.0033,0.0002,0.0001,0.0021,0.001,0.0001,0,0,,0.0285,0.0044,0.0075,0.0099,0.0036,0.0102,0.0037,0.0085,0.0073,0.0183,0.0063,0.0104,0.0109,0.0183,,11/8/2018
C22MAH2_S1_I27,N/A,22,40,20,100,10,293,12,64.907,32.957,0.023,0.048,-0.002,0.03,0.15,0.015,0.012,0.182,0.102,0.005,0.004,-0.007,,98.426,48.947,50.669,0.017,0.032,-0.002,0.025,0.133,0.01,0.007,0.08,0.079,0.004,0.002,-0.003,,1,S,0.966,1,0.0003,0.0006,0,0.0005,0.0026,0.0002,0.0001,0.0016,0.0016,0.0001,0,-0.0001,,0.0285,0.0044,0.0075,0.0099,0.0036,0.0102,0.0037,0.0085,0.0073,0.0183,0.0063,0.0104,0.0109,0.0183,,11/8/2018
C22MAH2_S1_I27,N/A,22,40,20,100,10,294,13,64.855,32.858,0.027,0.043,-0.002,0.009,0.158,0.007,0.008,0.169,0.09,0.011,0.013,0.009,,98.255,49.011,50.623,0.019,0.029,-0.001,0.008,0.139,0.005,0.005,0.074,0.07,0.009,0.005,0.004,,1,S,0.9682,1,0.0004,0.0006,0,0.0002,0.0028,0.0001,0.0001,0.0015,0.0014,0.0002,0.0001,0.0001,,0.0285,0.0044,0.0075,0.0099,0.0036,0.0102,0.0037,0.0085,0.0073,0.0183,0.0063,0.0104,0.0109,0.0183,,11/8/2018
C22MAH2_S1_I27,N/A,22,40,20,100,10,296,15,64.613,32.89,0.021,0.02,-0.001,0.004,0.2,0.008,0.006,0.246,0.043,-0.003,0.001,0.015,,98.065,48.894,50.741,0.015,0.014,-0.001,0.004,0.177,0.005,0.004,0.108,0.034,-0.002,0.001,0.007,,1,S,0.9636,1,0.0003,0.0003,0,0.0001,0.0035,0.0001,0.0001,0.0021,0.0007,-0.0001,0,0.0001,,0.0285,0.0044,0.0075,0.0099,0.0036,0.0103,0.0037,0.0084,0.0073,0.0183,0.0063,0.0105,0.0109,0.0183,,11/8/2018
C22MAH2_S1_I30,N/A,25,40,20,100,10,306,6,64.657,32.834,0.042,0.008,-0.003,0.022,0.157,0.029,0.023,0.164,0.057,0.016,0.01,0.002,,98.018,48.956,50.685,0.03,0.006,-0.003,0.019,0.139,0.019,0.014,0.072,0.045,0.014,0.004,0.001,,1,S,0.9659,1,0.0006,0.0001,-0.0001,0.0004,0.0027,0.0004,0.0003,0.0014,0.0009,0.0003,0.0001,0,,0.0284,0.0044,0.0075,0.0099,0.0036,0.0102,0.0037,0.0084,0.0073,0.0182,0.0063,0.0104,0.0108,0.0183,,11/8/2018
C22MAH2_S1_I31,N/A,26,40,20,100,10,307,1,64.57,33.026,0.004,0.028,-0.004,0.012,0.194,0.006,0.007,0.254,0.054,0.004,0.015,0.003,,98.172,48.771,50.857,0.003,0.019,-0.003,0.01,0.171,0.004,0.005,0.112,0.042,0.004,0.006,0.001,,1,S,0.959,1,0,0.0004,-0.0001,0.0002,0.0034,0.0001,0.0001,0.0022,0.0008,0.0001,0.0001,0,,0.0284,0.0044,0.0075,0.0099,0.0036,0.0102,0.0037,0.0084,0.0073,0.0182,0.0063,0.0104,0.0108,0.0183,,11/8/2018
C22MAH2_S1_I31,N/A,26,40,20,100,10,311,5,64.747,32.824,-0.002,-0.006,-0.002,0.006,0.245,0.012,0.013,0.225,-0.006,0.019,0.001,-0.01,,98.067,49.009,50.653,-0.002,-0.004,-0.002,0.005,0.217,0.008,0.008,0.099,-0.004,0.016,0.001,-0.005,,1,S,0.9675,1,0,-0.0001,0,0.0001,0.0043,0.0002,0.0002,0.002,-0.0001,0.0003,0,-0.0001,,0.0284,0.0044,0.0075,0.0099,0.0036,0.0102,0.0037,0.0084,0.0073,0.0182,0.0063,0.0104,0.0108,0.0183,,11/8/2018
C22MAH2_S1_I31,N/A,26,40,20,100,10,316,10,64.712,32.969,-0.011,0.032,-0.003,0.013,0.168,0.004,0.016,0.155,0.048,0.005,0.005,0.001,,98.112,48.907,50.799,-0.008,0.022,-0.003,0.011,0.148,0.002,0.01,0.068,0.037,0.004,0.002,0,,1,S,0.9628,1,-0.0002,0.0004,-0.0001,0.0002,0.0029,0,0.0002,0.0013,0.0007,0.0001,0,0,,0.0284,0.0044,0.0075,0.0099,0.0036,0.0102,0.0037,0.0084,0.0072,0.0182,0.0063,0.0103,0.0108,0.0182,,11/8/2018
C22MAH2_S1_I31,N/A,26,40,20,100,10,317,11,65.089,33.114,-0.007,0.044,-0.004,0.009,0.18,0.012,0.011,0.216,0.062,0.009,0.007,0,,98.743,48.912,50.733,-0.005,0.03,-0.004,0.008,0.159,0.008,0.007,0.094,0.048,0.007,0.003,0,,1,S,0.9641,1,-0.0001,0.0006,-0.0001,0.0002,0.0031,0.0002,0.0001,0.0019,0.0009,0.0001,0.0001,0,,0.0284,0.0044,0.0075,0.0099,0.0036,0.0102,0.0037,0.0084,0.0073,0.0182,0.0063,0.0104,0.0108,0.0182,,11/8/2018
C55STJ4_S1_I5,N/A,27,40,20,100,10,324,7,64.89,33.117,0.007,0.007,0.003,0.016,0.107,0.009,0.008,0.865,-0.012,0.002,0.017,0.029,,99.065,48.753,50.726,0.005,0.005,0.003,0.014,0.094,0.006,0.005,0.378,-0.009,0.002,0.007,0.013,,1,S,0.9611,1,0.0001,0.0001,0.0001,0.0003,0.0019,0.0001,0.0001,0.0075,-0.0002,0,0.0001,0.0003,,0.0288,0.0044,0.0076,0.01,0.0036,0.0104,0.0037,0.0085,0.0073,0.0185,0.0064,0.0105,0.011,0.0185,,11/8/2018
C55STJ4_S1_I5,N/A,27,40,20,100,10,325,8,64.942,32.954,-0.001,0.01,0.002,0.011,0.115,0.011,0.014,0.89,-0.01,0.011,0.01,0.007,,98.967,48.89,50.578,-0.001,0.006,0.002,0.01,0.102,0.007,0.009,0.39,-0.008,0.009,0.004,0.003,,1,S,0.9666,1,0,0.0001,0,0.0002,0.002,0.0001,0.0002,0.0077,-0.0002,0.0002,0.0001,0.0001,,0.0288,0.0044,0.0076,0.01,0.0036,0.0104,0.0037,0.0085,0.0073,0.0185,0.0064,0.0105,0.011,0.0185,,11/8/2018
C55STJ4_S1_I5,N/A,27,40,20,100,10,326,9,64.533,32.919,0.011,0.008,0.002,0.021,0.119,0.01,0.009,0.887,-0.015,0.004,0.009,0.015,,98.532,48.754,50.704,0.008,0.006,0.002,0.017,0.105,0.007,0.006,0.39,-0.012,0.003,0.004,0.007,,1,S,0.9616,1,0.0002,0.0001,0,0.0003,0.0021,0.0001,0.0001,0.0077,-0.0002,0.0001,0.0001,0.0001,,0.0288,0.0044,0.0076,0.01,0.0036,0.0104,0.0037,0.0085,0.0073,0.0185,0.0064,0.0105,0.011,0.0185,,11/8/2018
C55STJ4_S1_I5,N/A,27,40,20,100,10,327,10,64.287,32.905,-0.003,0.008,0.005,0.015,0.136,0.005,0.012,0.925,-0.018,0.014,0.021,0.006,,98.318,48.657,50.775,-0.002,0.006,0.004,0.012,0.121,0.004,0.008,0.407,-0.014,0.012,0.009,0.003,,1,S,0.9583,1,0,0.0001,0.0001,0.0002,0.0024,0.0001,0.0002,0.008,-0.0003,0.0002,0.0002,0.0001,,0.0288,0.0044,0.0076,0.01,0.0036,0.0104,0.0037,0.0085,0.0073,0.0185,0.0064,0.0105,0.011,0.0185,,11/8/2018
C55STJ4_S1_I6,N/A,28,40,20,100,10,328,1,64.424,33.227,0.005,0.01,0.001,0.006,0.215,0.004,0.013,0.6,-0.012,0.007,0.02,0.019,,98.54,48.505,51.002,0.003,0.006,0.001,0.005,0.189,0.003,0.008,0.263,-0.01,0.006,0.008,0.009,,1,S,0.951,1,0.0001,0.0001,0,0.0001,0.0037,0.0001,0.0002,0.0052,-0.0002,0.0001,0.0002,0.0002,,0.0287,0.0044,0.0076,0.01,0.0036,0.0104,0.0037,0.0085,0.0073,0.0184,0.0064,0.0105,0.011,0.0185,,11/8/2018
C55STJ4_S1_I6,N/A,28,40,20,100,10,329,2,64.378,33.193,-0.008,0,0,0.007,0.238,0.038,0.041,0.654,-0.017,0,0.023,0.05,,98.599,48.477,50.957,-0.005,0,0,0.006,0.21,0.025,0.026,0.286,-0.013,0,0.009,0.023,,1,S,0.9513,1,-0.0001,0,0,0.0001,0.0041,0.0005,0.0005,0.0056,-0.0003,0,0.0002,0.0004,,0.0287,0.0044,0.0076,0.01,0.0036,0.0104,0.0037,0.0085,0.0073,0.0184,0.0064,0.0105,0.011,0.0185,,11/8/2018
C55STJ4_S1_I7,N/A,29,40,20,100,10,330,1,65.85,33.656,0.061,0.038,0.003,0.013,0.115,0.013,0.014,0.241,0.091,0.009,0.018,0.012,,100.134,48.781,50.829,0.043,0.026,0.003,0.011,0.099,0.008,0.008,0.104,0.069,0.007,0.007,0.005,,1,S,0.9597,1,0.0008,0.0005,0.0001,0.0002,0.002,0.0002,0.0002,0.002,0.0014,0.0001,0.0001,0.0001,,0.0287,0.0044,0.0076,0.01,0.0036,0.0103,0.0037,0.0085,0.0073,0.0184,0.0064,0.0105,0.011,0.0184,,11/8/2018
C55STJ4_S1_I7,N/A,29,40,20,100,10,331,2,65.297,33.284,0.064,0.057,0.002,0.015,0.109,0.008,0.019,0.247,0.129,-0.001,0.023,-0.003,,99.253,48.83,50.745,0.045,0.038,0.002,0.013,0.096,0.005,0.012,0.108,0.099,0,0.009,-0.002,,1,S,0.9623,1,0.0009,0.0008,0,0.0003,0.0019,0.0001,0.0002,0.0021,0.002,0,0.0002,0,,0.0287,0.0044,0.0076,0.01,0.0036,0.0103,0.0037,0.0085,0.0073,0.0184,0.0064,0.0106,0.011,0.0184,,11/8/2018
C55STJ4_S1_I7,N/A,29,40,20,100,10,332,3,65.686,33.23,0.026,0.009,0.002,0.019,0.143,0.009,0.016,0.553,0.015,0.013,0.013,0.005,,99.739,49.005,50.543,0.018,0.006,0.002,0.016,0.125,0.006,0.01,0.24,0.011,0.011,0.005,0.002,,1,S,0.9696,1,0.0004,0.0001,0,0.0003,0.0025,0.0001,0.0002,0.0047,0.0002,0.0002,0.0001,0,,0.0287,0.0044,0.0076,0.01,0.0036,0.0104,0.0037,0.0085,0.0073,0.0184,0.0064,0.0105,0.011,0.0185,,11/8/2018
C55STJ4_S1_I7,N/A,29,40,20,100,10,333,4,65.244,33.24,0.031,0.054,0.004,0.019,0.107,0.029,0.019,0.193,0.104,0.009,0.016,0.011,,99.082,48.862,50.752,0.022,0.037,0.004,0.016,0.094,0.019,0.012,0.084,0.08,0.008,0.006,0.005,,1,S,0.9628,1,0.0004,0.0007,0.0001,0.0003,0.0019,0.0004,0.0002,0.0017,0.0016,0.0002,0.0001,0.0001,,0.0287,0.0044,0.0076,0.01,0.0036,0.0103,0.0037,0.0085,0.0073,0.0184,0.0064,0.0105,0.0109,0.0184,,11/8/2018
C55STJ4_S1_I7,N/A,29,40,20,100,10,334,5,65.457,33.031,0.021,0.101,0.002,0.018,0.108,0.017,0.021,0.187,0.181,0.006,0.009,-0.007,,99.152,49.071,50.484,0.015,0.068,0.001,0.015,0.095,0.011,0.013,0.082,0.14,0.005,0.004,-0.003,,1,S,0.972,1,0.0003,0.0014,0,0.0003,0.0019,0.0002,0.0003,0.0016,0.0028,0.0001,0.0001,-0.0001,,0.0287,0.0044,0.0076,0.01,0.0036,0.0103,0.0037,0.0085,0.0073,0.0184,0.0064,0.0104,0.011,0.0184,,11/8/2018
C55STJ4_S1_I8,N/A,30,40,20,100,10,335,1,65.003,33.174,-0.002,0.007,-0.003,0.016,0.255,0.021,0.016,0.695,-0.023,0.001,0.018,0.004,,99.183,48.735,50.707,-0.001,0.005,-0.002,0.014,0.224,0.013,0.01,0.303,-0.017,0.001,0.007,0.002,,1,S,0.9611,1,0,0.0001,0,0.0003,0.0044,0.0003,0.0002,0.006,-0.0003,0,0.0001,0,,0.0287,0.0044,0.0076,0.01,0.0036,0.0104,0.0037,0.0085,0.0073,0.0184,0.0064,0.0105,0.011,0.0185,,11/8/2018
C55STJ4_S1_I8,N/A,30,40,20,100,10,336,2,65.954,33.245,0.002,0.01,0.001,0.022,0.282,0.011,0.007,0.574,0.003,0.008,0.007,-0.004,,100.122,49.05,50.407,0.002,0.007,0.001,0.018,0.245,0.007,0.004,0.248,0.002,0.007,0.003,-0.002,,1,S,0.9731,1,0,0.0001,0,0.0004,0.0049,0.0001,0.0001,0.0049,0,0.0001,0.0001,0,,0.0287,0.0044,0.0076,0.01,0.0036,0.0104,0.0037,0.0085,0.0073,0.0184,0.0064,0.0105,0.011,0.0184,,11/8/2018
C55STJ4_S1_I8,N/A,30,40,20,100,10,337,3,66.283,33.356,0.008,0.038,0,0.021,0.24,0.022,0.022,0.373,0.037,0.014,0.019,0.02,,100.451,49.112,50.388,0.005,0.025,0,0.017,0.208,0.014,0.013,0.161,0.028,0.011,0.007,0.009,,1,S,0.9747,1,0.0001,0.0005,0,0.0003,0.0041,0.0003,0.0003,0.0032,0.0006,0.0002,0.0001,0.0002,,0.0287,0.0044,0.0076,0.01,0.0036,0.0104,0.0037,0.0085,0.0073,0.0184,0.0064,0.0105,0.011,0.0184,,11/8/2018
C55STJ4_S1_I8,N/A,30,40,20,100,10,338,4,65.491,33.274,0.006,0.01,0.003,0.013,0.311,0.011,0.013,0.779,-0.005,0.01,0.022,0.005,,99.944,48.794,50.542,0.004,0.007,0.003,0.011,0.271,0.007,0.008,0.338,-0.003,0.008,0.009,0.002,,1,S,0.9654,1,0.0001,0.0001,0,0.0002,0.0054,0.0001,0.0002,0.0067,-0.0001,0.0002,0.0002,0,,0.0287,0.0044,0.0076,0.01,0.0036,0.0104,0.0037,0.0085,0.0073,0.0184,0.0064,0.0105,0.011,0.0185,,11/8/2018
C55STJ4_S1_I8,N/A,30,40,20,100,10,339,5,65.921,33.561,0.002,0.028,0.005,0.017,0.288,0.013,0.012,0.608,0.013,0.001,0.012,-0.002,,100.48,48.785,50.635,0.002,0.019,0.004,0.014,0.25,0.008,0.008,0.261,0.01,0.001,0.005,-0.001,,1,S,0.9635,1,0,0.0004,0.0001,0.0003,0.0049,0.0002,0.0002,0.0052,0.0002,0,0.0001,0,,0.0287,0.0044,0.0076,0.01,0.0036,0.0104,0.0037,0.0085,0.0073,0.0184,0.0064,0.0105,0.011,0.0184,,11/8/2018
C55STJ4_S1_I8,N/A,30,40,20,100,10,340,6,65.533,33.098,-0.006,-0.007,0.002,0.029,0.238,0.022,0.017,0.779,-0.021,0.005,0.015,0.015,,99.717,48.98,50.432,-0.004,-0.005,0.002,0.024,0.208,0.014,0.01,0.339,-0.016,0.004,0.006,0.007,,1,S,0.9712,1,-0.0001,-0.0001,0,0.0005,0.0041,0.0003,0.0002,0.0067,-0.0003,0.0001,0.0001,0.0001,,0.0287,0.0044,0.0076,0.01,0.0036,0.0104,0.0037,0.0085,0.0073,0.0184,0.0064,0.0105,0.011,0.0185,,11/8/2018
C55STJ4_S1_I10,N/A,31,40,20,100,10,341,1,65.978,33.209,0.015,0.044,-0.001,0.018,0.22,0.013,0.01,0.29,0.082,0.003,0.019,0.003,,99.906,49.126,50.412,0.01,0.029,0,0.015,0.192,0.008,0.006,0.126,0.063,0.003,0.008,0.002,,1,S,0.9745,1,0.0002,0.0006,0,0.0003,0.0038,0.0002,0.0001,0.0025,0.0012,0.0001,0.0002,0,,0.0287,0.0044,0.0076,0.01,0.0036,0.0103,0.0037,0.0085,0.0073,0.0184,0.0064,0.0105,0.0109,0.0184,,11/8/2018
C55STJ4_S1_I10,N/A,31,40,20,100,10,342,2,66.039,33.249,0.018,0.052,0,0.001,0.206,0.006,0.006,0.176,0.085,0.005,0.008,-0.017,,99.833,49.162,50.463,0.013,0.035,0,0.001,0.179,0.004,0.004,0.076,0.065,0.004,0.003,-0.008,,1,S,0.9742,1,0.0002,0.0007,0,0,0.0036,0.0001,0.0001,0.0015,0.0013,0.0001,0.0001,-0.0002,,0.0287,0.0044,0.0076,0.01,0.0036,0.0103,0.0037,0.0085,0.0073,0.0184,0.0064,0.0104,0.0109,0.0184,,11/8/2018
C55STJ4_S1_I10,N/A,31,40,20,100,10,343,3,65.442,33.009,0.006,0.055,-0.003,0.022,0.21,0.022,0.021,0.21,0.085,0.017,0.006,-0.002,,99.099,49.084,50.475,0.004,0.037,-0.003,0.018,0.184,0.014,0.013,0.091,0.065,0.014,0.002,-0.001,,1,S,0.9724,1,0.0001,0.0007,-0.0001,0.0004,0.0036,0.0003,0.0003,0.0018,0.0013,0.0003,0,0,,0.0286,0.0044,0.0076,0.01,0.0036,0.0103,0.0037,0.0085,0.0073,0.0184,0.0064,0.0104,0.0109,0.0184,,11/8/2018
C55STJ4_S1_I10,N/A,31,40,20,100,10,344,4,66.23,33.191,0.018,0.054,0.001,0.023,0.232,0.008,0.012,0.23,0.084,0.02,0.011,0.01,,100.124,49.23,50.298,0.013,0.036,0.001,0.019,0.202,0.005,0.007,0.099,0.064,0.017,0.005,0.004,,1,S,0.9788,1,0.0003,0.0007,0,0.0004,0.004,0.0001,0.0001,0.002,0.0013,0.0003,0.0001,0.0001,,0.0287,0.0044,0.0076,0.01,0.0036,0.0103,0.0037,0.0085,0.0073,0.0184,0.0064,0.0104,0.0109,0.0184,,11/8/2018
C55STJ4_S1_I10,N/A,31,40,20,100,10,345,5,66.459,33.177,0.03,0.058,0.001,0.012,0.23,0.006,0.006,0.225,0.088,0.009,0.011,0.012,,100.323,49.333,50.208,0.021,0.039,0.001,0.01,0.2,0.004,0.004,0.097,0.067,0.007,0.004,0.005,,1,S,0.9826,1,0.0004,0.0008,0,0.0002,0.004,0.0001,0.0001,0.0019,0.0013,0.0001,0.0001,0.0001,,0.0287,0.0044,0.0076,0.01,0.0036,0.0103,0.0037,0.0085,0.0073,0.0184,0.0064,0.0104,0.0109,0.0184,,11/8/2018
C55STJ4_S1_I10,N/A,31,40,20,100,10,346,6,66.167,33.184,0.027,0.04,0.001,0.02,0.22,0.009,0.009,0.173,0.079,0.018,0.011,0,,99.958,49.236,50.343,0.019,0.027,0.001,0.016,0.192,0.006,0.006,0.075,0.061,0.015,0.004,0,,1,S,0.978,1,0.0004,0.0005,0,0.0003,0.0038,0.0001,0.0001,0.0015,0.0012,0.0003,0.0001,0,,0.0286,0.0044,0.0076,0.01,0.0036,0.0103,0.0037,0.0085,0.0073,0.0184,0.0064,0.0104,0.0109,0.0184,,11/8/2018
C55STJ4_S1_I10,N/A,31,40,20,100,10,347,7,65.839,32.282,0.01,0.038,-0.004,0.066,0.215,0.097,0.098,0.24,0.065,0.057,0.001,0.003,,99.009,49.706,49.688,0.007,0.026,-0.004,0.056,0.19,0.064,0.061,0.106,0.051,0.048,0.001,0.002,,1,S,1.0004,1,0.0001,0.0005,-0.0001,0.0011,0.0038,0.0013,0.0012,0.0021,0.001,0.001,0,0,,0.0287,0.0044,0.0076,0.01,0.0036,0.0103,0.0037,0.0086,0.0074,0.0184,0.0064,0.0104,0.011,0.0184,,11/8/2018
C55STJ4_S1_I10,N/A,31,40,20,100,10,348,8,66.017,33.544,0.016,0.028,0.003,0.008,0.274,0.007,0.009,0.349,0.032,0.007,0.012,0.016,,100.322,48.883,50.638,0.011,0.019,0.002,0.006,0.238,0.005,0.005,0.15,0.024,0.005,0.005,0.007,,1,S,0.9653,1,0.0002,0.0004,0,0.0001,0.0047,0.0001,0.0001,0.003,0.0005,0.0001,0.0001,0.0001,,0.0286,0.0044,0.0076,0.01,0.0036,0.0103,0.0037,0.0085,0.0073,0.0184,0.0064,0.0105,0.0109,0.0184,,11/8/2018
C55STJ4_S1_I10,N/A,31,40,20,100,10,349,9,65.883,33.27,0.015,0.013,-0.001,0.011,0.282,0.003,0.005,0.317,0.018,0.004,0.018,0.015,,99.855,49.052,50.501,0.011,0.009,-0.001,0.009,0.246,0.002,0.003,0.137,0.014,0.004,0.007,0.007,,1,S,0.9713,1,0.0002,0.0002,0,0.0002,0.0049,0,0.0001,0.0027,0.0003,0.0001,0.0001,0.0001,,0.0286,0.0044,0.0076,0.01,0.0036,0.0103,0.0037,0.0085,0.0073,0.0184,0.0064,0.0105,0.0109,0.0184,,11/8/2018
C55STJ4_S1_I10,N/A,31,40,20,100,10,350,10,65.489,33.226,0.026,0.045,0.002,0.008,0.259,-0.001,0.005,0.254,0.078,0.012,0.015,0.014,,99.431,48.921,50.601,0.018,0.03,0.002,0.006,0.226,-0.001,0.003,0.11,0.06,0.01,0.006,0.007,,1,S,0.9668,1,0.0004,0.0006,0,0.0001,0.0045,0,0.0001,0.0022,0.0012,0.0002,0.0001,0.0001,,0.0286,0.0044,0.0076,0.01,0.0036,0.0103,0.0037,0.0085,0.0073,0.0184,0.0064,0.0105,0.0109,0.0184,,11/8/2018
C55STJ4_S1_I17,N/A,33,40,20,100,10,352,1,66.508,33.151,0.04,0.009,0.003,0.017,0.184,0.004,0,0.264,0.023,0.012,0.016,-0.01,,100.22,49.422,50.222,0.028,0.006,0.003,0.014,0.16,0.003,0,0.114,0.017,0.01,0.006,-0.005,,1,S,0.9841,1,0.0006,0.0001,0.0001,0.0003,0.0032,0.0001,0,0.0023,0.0003,0.0002,0.0001,-0.0001,,0.0286,0.0044,0.0076,0.01,0.0036,0.0103,0.0037,0.0085,0.0074,0.0184,0.0064,0.0104,0.0109,0.0184,,11/8/2018
C55STJ4_S1_I17,N/A,33,40,20,100,10,353,2,66.467,33.114,0.03,0.003,0.002,0.013,0.154,0.014,0.009,0.193,0.019,0.009,0.007,0.005,,100.037,49.465,50.241,0.021,0.002,0.002,0.011,0.134,0.009,0.006,0.084,0.014,0.008,0.003,0.002,,1,S,0.9846,1,0.0004,0,0,0.0002,0.0027,0.0002,0.0001,0.0017,0.0003,0.0002,0.0001,0,,0.0286,0.0044,0.0076,0.01,0.0036,0.0103,0.0037,0.0085,0.0073,0.0184,0.0064,0.0104,0.0109,0.0184,,11/8/2018
C55STJ4_S1_I17,N/A,33,40,20,100,10,354,3,65.248,32.895,0.024,0,0.001,0.01,0.203,0.006,0.006,0.787,-0.002,0.011,0.009,-0.008,,99.188,49.036,50.401,0.017,0,0.001,0.008,0.179,0.004,0.004,0.344,-0.002,0.009,0.003,-0.004,,1,S,0.9729,1,0.0003,0,0,0.0002,0.0035,0.0001,0.0001,0.0068,0,0.0002,0.0001,-0.0001,,0.0287,0.0044,0.0076,0.01,0.0036,0.0104,0.0037,0.0085,0.0073,0.0184,0.0064,0.0105,0.011,0.0184,,11/8/2018
C55STJ4_S1_I17,N/A,33,40,20,100,10,355,4,67.438,33.442,0.068,0.016,0,0.014,0.147,0.008,0.014,0.214,0.035,-0.002,0.011,0.008,,101.411,49.562,50.107,0.047,0.01,0,0.011,0.126,0.005,0.008,0.091,0.026,-0.002,0.004,0.004,,1,S,0.9891,1,0.0009,0.0002,0,0.0002,0.0025,0.0001,0.0002,0.0018,0.0005,0,0.0001,0.0001,,0.0286,0.0044,0.0076,0.01,0.0036,0.0103,0.0037,0.0085,0.0073,0.0184,0.0064,0.0106,0.0109,0.0184,,11/8/2018
C55STJ4_S1_I18,N/A,34,40,20,100,10,356,1,65.635,33.137,-0.003,0.003,0.003,0.001,0.085,0.001,-0.001,0.659,-0.015,-0.005,0.02,0.018,,99.537,49.098,50.537,-0.002,0.002,0.002,0.001,0.074,0.001,-0.001,0.287,-0.011,-0.005,0.008,0.008,,1,S,0.9715,1,-0.0001,0,0,0,0.0015,0,0,0.0057,-0.0002,-0.0001,0.0002,0.0002,,0.0287,0.0044,0.0076,0.01,0.0036,0.0104,0.0037,0.0085,0.0074,0.0184,0.0064,0.0106,0.011,0.0184,,11/8/2018
C55STJ4_S1_I18,N/A,34,40,20,100,10,357,2,65.793,33.208,0.031,0.014,0.003,0.005,0.188,0.001,0.008,0.214,0.023,-0.005,0.03,-0.002,,99.513,49.124,50.55,0.022,0.009,0.003,0.004,0.164,0.001,0.005,0.093,0.018,-0.004,0.012,-0.001,,1,S,0.9718,1,0.0004,0.0002,0.0001,0.0001,0.0033,0,0.0001,0.0018,0.0004,-0.0001,0.0002,0,,0.0286,0.0044,0.0076,0.01,0.0036,0.0103,0.0037,0.0085,0.0073,0.0184,0.0064,0.0106,0.0109,0.0184,,11/8/2018
C55STJ4_S1_I18,N/A,34,40,20,100,10,358,3,65.716,33.326,0.04,0.013,0.005,0.02,0.242,0.007,0.011,0.268,0.025,-0.002,0.027,0.016,,99.713,48.955,50.614,0.028,0.008,0.004,0.016,0.211,0.004,0.007,0.116,0.019,-0.002,0.011,0.007,,1,S,0.9672,1,0.0006,0.0002,0.0001,0.0003,0.0042,0.0001,0.0001,0.0023,0.0004,0,0.0002,0.0001,,0.0286,0.0044,0.0076,0.01,0.0036,0.0103,0.0037,0.0085,0.0073,0.0184,0.0064,0.0106,0.0109,0.0184,,11/8/2018
C55STJ4_S1_I18,N/A,34,40,20,100,10,359,4,66.505,33.579,0.006,0.008,0.004,0.011,0.259,0.013,0,0.355,-0.008,-0.003,0.017,0.01,,100.755,49.075,50.516,0.004,0.005,0.004,0.009,0.224,0.008,0,0.153,-0.006,-0.003,0.007,0.004,,1,S,0.9715,1,0.0001,0.0001,0.0001,0.0002,0.0044,0.0002,0,0.003,-0.0001,-0.0001,0.0001,0.0001,,0.0286,0.0044,0.0076,0.01,0.0036,0.0103,0.0037,0.0085,0.0073,0.0184,0.0064,0.0106,0.0109,0.0184,,11/8/2018
C55STJ4_S1_I21,N/A,35,40,20,100,10,360,1,66.209,34.097,0.02,0.012,-0.001,0.004,0.176,0.022,0.009,0.236,0.008,0.004,0.015,0.009,,100.82,48.628,51.056,0.014,0.008,-0.001,0.003,0.152,0.014,0.006,0.101,0.006,0.003,0.006,0.004,,1,S,0.9524,1,0.0003,0.0002,0,0.0001,0.003,0.0003,0.0001,0.002,0.0001,0.0001,0.0001,0.0001,,0.0286,0.0044,0.0076,0.01,0.0036,0.0103,0.0037,0.0085,0.0073,0.0184,0.0064,0.0104,0.0109,0.0184,,11/8/2018
C55STJ4_S1_I21,N/A,35,40,20,100,10,361,2,66.319,34.242,0.055,0.022,0.002,0.026,0.186,0.006,0.017,0.17,0.04,0.008,0.023,0.015,,101.132,48.535,51.09,0.038,0.015,0.002,0.021,0.159,0.004,0.011,0.072,0.03,0.007,0.009,0.007,,1,S,0.95,1,0.0007,0.0003,0,0.0004,0.0031,0.0001,0.0002,0.0014,0.0006,0.0001,0.0002,0.0001,,0.0286,0.0044,0.0076,0.01,0.0036,0.0103,0.0037,0.0085,0.0073,0.0184,0.0064,0.0104,0.0109,0.0184,,11/8/2018
C55STJ4_S1_I21,N/A,35,40,20,100,10,362,3,66.508,33.523,0.028,0.002,0,0.01,0.172,0.025,0.018,0.224,0.008,0.004,0.018,0.013,,100.553,49.159,50.517,0.02,0.002,0,0.008,0.149,0.016,0.011,0.096,0.006,0.003,0.007,0.006,,1,S,0.9731,1,0.0004,0,0,0.0002,0.0029,0.0003,0.0002,0.0019,0.0001,0.0001,0.0001,0.0001,,0.0286,0.0044,0.0076,0.01,0.0036,0.0103,0.0037,0.0085,0.0073,0.0184,0.0064,0.0104,0.0109,0.0184,,11/8/2018
C55STJ4_S1_I21,N/A,35,40,20,100,10,363,4,65.251,33.322,0.002,0.009,-0.001,0.013,0.297,0.017,0.013,0.641,-0.012,0.011,0.016,0.012,,99.591,48.706,50.709,0.001,0.006,-0.001,0.011,0.26,0.011,0.008,0.278,-0.009,0.009,0.007,0.005,,1,S,0.9605,1,0,0.0001,0,0.0002,0.0051,0.0002,0.0002,0.0055,-0.0002,0.0002,0.0001,0.0001,,0.0286,0.0044,0.0076,0.01,0.0036,0.0104,0.0037,0.0085,0.0073,0.0184,0.0064,0.0105,0.0109,0.0184,,11/8/2018
C22MAH2_S1_I22_PostAPS_Line1,N/A,25,40,20,100,0,221,1,66.021,32.833,0.054,0.064,-0.001,0.023,0.103,0,0.002,0.128,0.124,0.002,0.015,0.004,0.017,99.39,49.478,50.166,0.038,0.044,-0.001,0.019,0.09,0,0.001,0.056,0.096,0.001,0.006,0.002,0.004005,1,S,0.9863,1,0.0008,0.0009,0,0.0004,0.0018,0,0,0.0011,0.0019,0,0.0001,0,0.0001,0.0218,0.0033,0.0063,0.0084,0.0034,0.0103,0.0034,0.006,0.0053,0.0147,0.0046,0.0093,0.0096,0.0147,0.0185,5/21/2019
C22MAH2_S1_I22_PostAPS_Line1,N/A,25,40,20,100,0,222,2,66.398,32.882,0.049,0.074,0.002,0.022,0.102,0.001,-0.001,0.135,0.134,0.005,-0.003,0.001,0.008,99.809,49.581,50.059,0.034,0.05,0.002,0.018,0.089,0.001,-0.001,0.059,0.103,0.004,-0.001,0,0.001939,1,S,0.9905,1,0.0007,0.001,0,0.0004,0.0018,0,0,0.0012,0.0021,0.0001,0,0,0,0.0218,0.0033,0.0063,0.0084,0.0034,0.0103,0.0034,0.006,0.0053,0.0147,0.0046,0.0093,0.0096,0.0147,0.0185,5/21/2019
C22MAH2_S1_I22_PostAPS_Line1,N/A,25,40,20,100,0,223,3,66.715,33.035,0.063,0.052,-0.002,0.017,0.111,0,-0.001,0.154,0.108,0.006,0.006,-0.011,-0.022,100.232,49.597,50.07,0.044,0.035,-0.002,0.014,0.097,0,0,0.066,0.082,0.005,0.003,-0.005,-0.00505,1,S,0.9906,1,0.0009,0.0007,0,0.0003,0.0019,0,0,0.0013,0.0016,0.0001,0.0001,-0.0001,-0.0001,0.0218,0.0033,0.0063,0.0084,0.0034,0.0103,0.0034,0.006,0.0053,0.0147,0.0046,0.0093,0.0096,0.0147,0.0185,5/21/2019
C22MAH2_S1_I22_PostAPS_Line1,N/A,25,40,20,100,0,224,4,66.422,33.01,0.004,0.004,0.002,0.022,0.143,-0.005,0.003,0.735,-0.006,0.005,0.014,0.014,0.01,100.377,49.433,50.086,0.003,0.002,0.002,0.018,0.125,-0.003,0.002,0.318,-0.004,0.004,0.006,0.007,0.002289,1,S,0.987,1,0.0001,0,0,0.0004,0.0025,-0.0001,0,0.0064,-0.0001,0.0001,0.0001,0.0001,0,0.0218,0.0033,0.0063,0.0084,0.0034,0.0104,0.0035,0.006,0.0053,0.0147,0.0046,0.0094,0.0097,0.0147,0.0185,5/21/2019
C22MAH2_S1_I22_PostAPS_Line1,in_hole,25,40,20,100,0,225,5,64.215,35.559,-0.016,0.001,-0.002,-0.008,0.137,0.024,0.02,0.925,-0.023,-0.025,0.074,0.102,0.138,101.122,46.697,52.719,-0.011,0.001,-0.002,-0.007,0.117,0.016,0.012,0.391,-0.017,-0.02,0.029,0.045,0.031584,1,S,0.8858,1,-0.0002,0,0,-0.0001,0.0022,0.0003,0.0002,0.0074,-0.0003,-0.0004,0.0005,0.0009,0.0006,0.0218,0.0033,0.0063,0.0084,0.0034,0.0105,0.0035,0.0059,0.0052,0.0147,0.0047,0.0096,0.0097,0.0147,0.0184,5/21/2019
C22MAH2_S1_I22_PostAPS_Line1,N/A,25,40,20,100,0,227,7,65.991,32.779,-0.002,-0.001,0.001,0.014,0.151,-0.001,-0.007,0.748,-0.011,0.006,0.011,-0.001,0.001,99.678,49.454,50.081,-0.002,-0.001,0.001,0.012,0.133,-0.001,-0.005,0.326,-0.008,0.005,0.004,-0.001,0.000214,1,S,0.9875,1,0,0,0,0.0002,0.0027,0,-0.0001,0.0065,-0.0002,0.0001,0.0001,0,0,0.0218,0.0033,0.0063,0.0084,0.0034,0.0104,0.0035,0.006,0.0053,0.0147,0.0046,0.0094,0.0097,0.0147,0.0185,5/21/2019
C22MAH2_S1_I22_PostAPS_Line1,N/A,25,40,20,100,0,228,8,66.093,32.714,-0.002,0,0.003,0.01,0.148,-0.001,-0.002,0.761,-0.01,0.019,0.013,0.004,0,99.748,49.533,49.984,-0.002,0,0.002,0.009,0.13,-0.001,-0.001,0.332,-0.008,0.016,0.005,0.002,-0.0001,1,S,0.991,1,0,0,0,0.0002,0.0026,0,0,0.0066,-0.0002,0.0003,0.0001,0,0,0.0218,0.0033,0.0063,0.0084,0.0034,0.0104,0.0035,0.006,0.0053,0.0147,0.0046,0.0094,0.0097,0.0147,0.0185,5/21/2019
C22MAH2_S1_I22_PostAPS_Line1,N/A,25,40,20,100,0,229,9,65.784,33.138,-0.006,0.005,-0.001,0.018,0.145,-0.004,-0.006,0.763,-0.009,0.011,0.008,0.002,-0.017,99.831,49.104,50.429,-0.004,0.004,-0.001,0.015,0.127,-0.002,-0.004,0.331,-0.007,0.009,0.003,0.001,-0.00403,1,S,0.9737,1,-0.0001,0.0001,0,0.0003,0.0025,-0.0001,-0.0001,0.0066,-0.0001,0.0002,0.0001,0,-0.0001,0.0218,0.0033,0.0063,0.0084,0.0034,0.0104,0.0035,0.006,0.0053,0.0147,0.0046,0.0094,0.0096,0.0147,0.0185,5/21/2019
C22MAH2_S1_I22_PostAPS_Line1,N/A,25,40,20,100,0,230,10,65.83,32.711,0.004,0.007,0.002,0.016,0.15,-0.004,-0.008,0.742,-0.011,0.012,0.018,0.011,-0.016,99.465,49.436,50.082,0.003,0.005,0.002,0.013,0.132,-0.002,-0.005,0.324,-0.009,0.01,0.007,0.005,-0.0039,1,S,0.9871,1,0.0001,0.0001,0,0.0003,0.0026,-0.0001,-0.0001,0.0065,-0.0002,0.0002,0.0001,0.0001,-0.0001,0.0218,0.0033,0.0063,0.0084,0.0034,0.0104,0.0035,0.006,0.0053,0.0147,0.0046,0.0094,0.0096,0.0147,0.0185,5/21/2019
C22MAH2_S1_I22_PostAPS_Line1,N/A,25,40,20,100,0,231,11,65.399,32.643,0.002,0.008,0.002,0.028,0.15,-0.007,0,0.741,-0.01,0.007,0.009,0.012,-0.037,98.947,49.325,50.193,0.002,0.005,0.002,0.023,0.132,-0.005,0,0.325,-0.008,0.006,0.004,0.005,-0.00887,1,S,0.9827,1,0,0.0001,0,0.0005,0.0026,-0.0001,0,0.0065,-0.0002,0.0001,0.0001,0.0001,-0.0002,0.0218,0.0033,0.0063,0.0084,0.0034,0.0104,0.0035,0.006,0.0053,0.0147,0.0046,0.0094,0.0096,0.0147,0.0185,5/21/2019
C22MAH2_S1_I22_PostAPS_Line1,N/A,25,40,20,100,0,232,12,65.488,32.636,-0.002,0.001,0.004,0.019,0.152,-0.004,0,0.765,-0.011,0.003,0.002,0.006,0.001,99.06,49.364,50.153,-0.001,0,0.004,0.016,0.134,-0.003,0,0.335,-0.008,0.002,0.001,0.003,0.000309,1,S,0.9843,1,0,0,0.0001,0.0003,0.0027,-0.0001,0,0.0067,-0.0002,0,0,0.0001,0,0.0218,0.0033,0.0063,0.0084,0.0034,0.0104,0.0035,0.006,0.0053,0.0147,0.0046,0.0094,0.0096,0.0147,0.0185,5/21/2019
C22MAH2_S1_I22_PostAPS_Line1,N/A,25,40,20,100,0,233,13,65.977,32.759,0.003,0.002,0.003,0.013,0.157,-0.004,-0.001,0.733,-0.011,0.009,0.007,0.006,0.001,99.655,49.458,50.066,0.002,0.001,0.003,0.01,0.138,-0.002,0,0.32,-0.009,0.007,0.003,0.003,0.000339,1,S,0.9879,1,0,0,0.0001,0.0002,0.0028,-0.0001,0,0.0064,-0.0002,0.0001,0.0001,0.0001,0,0.0218,0.0033,0.0063,0.0084,0.0034,0.0104,0.0035,0.006,0.0053,0.0147,0.0046,0.0094,0.0096,0.0147,0.0185,5/21/2019
C22MAH2_S1_I22_PostAPS_Line1,N/A,25,40,20,100,0,234,14,66.465,32.927,0.019,0.009,-0.001,0.02,0.165,-0.001,0.004,0.357,-0.001,0.011,0.006,0,-0.017,99.963,49.581,50.077,0.013,0.006,-0.001,0.016,0.144,-0.001,0.003,0.155,-0.001,0.009,0.002,0,-0.00408,1,S,0.9901,1,0.0003,0.0001,0,0.0003,0.0029,0,0.0001,0.0031,0,0.0002,0,0,-0.0001,0.0218,0.0033,0.0063,0.0084,0.0034,0.0104,0.0034,0.006,0.0053,0.0146,0.0046,0.0094,0.0096,0.0147,0.0185,5/21/2019
C22MAH2_S1_I22_PostAPS_Line1,N/A,25,40,20,100,0,235,15,65.855,32.674,0.029,0.012,0.002,0.018,0.169,-0.003,0.006,0.365,0.003,0.018,0.001,0.013,-0.001,99.16,49.526,50.096,0.02,0.008,0.001,0.015,0.148,-0.002,0.004,0.16,0.002,0.015,0,0.006,-0.00032,1,S,0.9886,1,0.0004,0.0002,0,0.0003,0.003,0,0.0001,0.0032,0,0.0003,0,0.0001,0,0.0218,0.0033,0.0063,0.0084,0.0034,0.0104,0.0034,0.006,0.0053,0.0147,0.0046,0.0094,0.0096,0.0147,0.0185,5/21/2019
C22MAH2_S1_I22_PostAPS_Line2,N/A,26,40,20,100,0,236,1,65.944,32.585,0.028,-0.002,0.002,0.009,0.158,-0.006,-0.001,0.355,0.005,0.01,0.008,-0.001,-0.01,99.084,49.651,50.019,0.02,-0.001,0.001,0.008,0.139,-0.004,-0.001,0.155,0.004,0.008,0.003,0,-0.0023,1,S,0.9926,1,0.0004,0,0,0.0002,0.0028,-0.0001,0,0.0031,0.0001,0.0002,0.0001,0,-0.0001,0.0218,0.0033,0.0063,0.0084,0.0034,0.0104,0.0034,0.006,0.0053,0.0146,0.0046,0.0094,0.0096,0.0147,0.0185,5/21/2019
C22MAH2_S1_I22_PostAPS_Line2,N/A,26,40,20,100,0,237,2,66.146,33.031,0.071,0.022,0,0.015,0.115,0,0.001,0.183,0.058,0.017,0.001,0.001,-0.025,99.636,49.398,50.29,0.05,0.015,0,0.012,0.1,0,0.001,0.08,0.044,0.014,0,0,-0.00587,1,S,0.9823,1,0.001,0.0003,0,0.0002,0.002,0,0,0.0016,0.0009,0.0003,0,0,-0.0001,0.0217,0.0033,0.0063,0.0084,0.0034,0.0103,0.0034,0.006,0.0053,0.0146,0.0046,0.0093,0.0096,0.0147,0.0185,5/21/2019
C22MAH2_S1_I22_PostAPS_Line2,N/A,26,40,20,100,0,238,3,66.909,32.696,0.105,0.016,0,0.017,0.108,0.004,-0.003,0.158,0.086,0.013,-0.004,0.002,-0.004,100.106,49.924,49.737,0.073,0.011,0,0.014,0.095,0.003,-0.002,0.069,0.066,0.011,-0.002,0.001,-0.00085,1,S,1.0038,1,0.0015,0.0002,0,0.0003,0.0019,0.0001,0,0.0014,0.0013,0.0002,0,0,0,0.0218,0.0033,0.0063,0.0084,0.0034,0.0103,0.0034,0.006,0.0053,0.0146,0.0046,0.0093,0.0096,0.0147,0.0185,5/21/2019
C22MAH2_S1_I22_PostAPS_Line2,N/A,26,40,20,100,0,239,4,66.581,32.903,0.102,0.026,0.003,0.008,0.105,-0.002,-0.003,0.134,0.091,0.011,0.001,0.004,0.003,99.966,49.651,50.024,0.071,0.017,0.003,0.007,0.092,-0.001,-0.002,0.058,0.07,0.009,0,0.002,0.000704,1,S,0.9925,1,0.0014,0.0003,0.0001,0.0001,0.0018,0,0,0.0012,0.0014,0.0002,0,0,0,0.0217,0.0033,0.0063,0.0084,0.0034,0.0103,0.0034,0.006,0.0053,0.0146,0.0046,0.0093,0.0096,0.0147,0.0185,5/21/2019
C22MAH2_S1_I22_PostAPS_Line2,N/A,26,40,20,100,0,240,5,66.521,32.947,0.105,0.026,0.002,0.022,0.111,0.004,-0.004,0.154,0.089,0.005,0.003,0.002,0.009,99.995,49.583,50.067,0.073,0.017,0.002,0.018,0.096,0.003,-0.002,0.067,0.068,0.004,0.001,0.001,0.002042,1,S,0.9903,1,0.0015,0.0003,0,0.0004,0.0019,0.0001,-0.0001,0.0013,0.0014,0.0001,0,0,0,0.0217,0.0033,0.0063,0.0084,0.0034,0.0103,0.0034,0.006,0.0053,0.0146,0.0046,0.0093,0.0096,0.0147,0.0185,5/21/2019
C22MAH2_S1_I22_PostAPS_Line2,N/A,26,40,20,100,0,241,6,66.791,32.917,0.087,0.034,-0.002,0.018,0.104,-0.004,0,0.145,0.08,0.003,0.007,0.001,-0.011,100.17,49.726,49.963,0.06,0.023,-0.002,0.015,0.091,-0.003,0,0.063,0.061,0.003,0.003,0,-0.00249,1,S,0.9953,1,0.0012,0.0005,0,0.0003,0.0018,-0.0001,0,0.0013,0.0012,0.0001,0.0001,0,-0.0001,0.0217,0.0033,0.0063,0.0084,0.0034,0.0103,0.0034,0.006,0.0053,0.0146,0.0046,0.0093,0.0096,0.0147,0.0185,5/21/2019
C22MAH2_S1_I22_PostAPS_Line2,N/A,26,40,20,100,0,242,7,66.328,32.859,0.079,0.035,0,0.026,0.103,-0.003,0.002,0.159,0.083,0.01,0.006,-0.004,-0.016,99.667,49.588,50.084,0.056,0.024,0,0.021,0.09,-0.002,0.001,0.069,0.064,0.008,0.002,-0.002,-0.00385,1,S,0.9901,1,0.0011,0.0005,0,0.0004,0.0018,0,0,0.0014,0.0013,0.0002,0,0,-0.0001,0.0217,0.0033,0.0063,0.0084,0.0034,0.0103,0.0034,0.006,0.0053,0.0146,0.0046,0.0093,0.0096,0.0147,0.0185,5/21/2019
C22MAH2_S1_I22_PostAPS_Line2,N/A,26,40,20,100,0,243,8,66.506,33.21,0.095,0.029,0.001,0.014,0.102,-0.006,-0.002,0.133,0.089,0.012,0.007,0.004,-0.012,100.183,49.395,50.286,0.066,0.02,0,0.012,0.089,-0.004,-0.001,0.057,0.068,0.01,0.003,0.002,-0.00274,1,S,0.9823,1,0.0013,0.0004,0,0.0002,0.0018,-0.0001,0,0.0011,0.0014,0.0002,0.0001,0,-0.0001,0.0217,0.0033,0.0063,0.0084,0.0034,0.0103,0.0034,0.006,0.0053,0.0146,0.0046,0.0093,0.0096,0.0147,0.0185,5/21/2019
C22MAH2_S1_I22_PostAPS_Line2,N/A,26,40,20,100,0,244,9,66.618,32.699,0.114,0.017,0.003,0.013,0.101,0.003,-0.004,0.134,0.089,-0.003,0.012,0.001,-0.01,99.788,49.822,49.858,0.08,0.012,0.002,0.011,0.088,0.002,-0.003,0.058,0.068,-0.002,0.005,0.001,-0.00239,1,S,0.9993,1,0.0016,0.0002,0,0.0002,0.0018,0,-0.0001,0.0012,0.0014,-0.0001,0.0001,0,-0.0001,0.0217,0.0033,0.0063,0.0084,0.0034,0.0103,0.0034,0.006,0.0053,0.0146,0.0046,0.0095,0.0096,0.0147,0.0185,5/21/2019
C22MAH2_S1_I22_PostAPS_Line2,N/A,26,40,20,100,0,245,10,66.033,32.903,0.091,0.044,0,0.035,0.094,0.007,0.008,0.133,0.092,0.019,0.005,0.006,0,99.471,49.426,50.21,0.064,0.03,0,0.029,0.082,0.005,0.005,0.058,0.071,0.016,0.002,0.003,0.000098,1,S,0.9844,1,0.0013,0.0006,0,0.0006,0.0016,0.0001,0.0001,0.0011,0.0014,0.0003,0,0.0001,0,0.0217,0.0033,0.0063,0.0084,0.0034,0.0103,0.0034,0.006,0.0053,0.0146,0.0046,0.0093,0.0096,0.0147,0.0185,5/21/2019
C22MAH2_S1_I22_PostAPS_Line2,N/A,26,40,20,100,0,246,11,66.74,32.872,0.07,0.053,-0.001,0.019,0.086,0,0.001,0.132,0.11,0.002,-0.001,0.009,0.011,100.105,49.734,49.94,0.049,0.036,-0.001,0.016,0.075,0,0.001,0.057,0.084,0.002,0,0.004,0.002695,1,S,0.9959,1,0.001,0.0007,0,0.0003,0.0015,0,0,0.0011,0.0017,0,0,0.0001,0.0001,0.0217,0.0033,0.0063,0.0084,0.0034,0.0103,0.0034,0.006,0.0053,0.0146,0.0046,0.0093,0.0096,0.0147,0.0185,5/21/2019
C22MAH2_S1_I22_PostAPS_Line2,N/A,26,40,20,100,0,247,12,66.641,32.863,0.054,0.063,-0.002,0.017,0.085,0.001,0,0.13,0.125,0.006,0.003,0.004,0.008,99.998,49.702,49.969,0.038,0.042,-0.002,0.014,0.074,0.001,0,0.056,0.096,0.005,0.001,0.002,0.001781,1,S,0.9947,1,0.0008,0.0008,0,0.0003,0.0015,0,0,0.0011,0.0019,0.0001,0,0,0,0.0217,0.0033,0.0063,0.0084,0.0034,0.0103,0.0034,0.006,0.0053,0.0146,0.0046,0.0093,0.0096,0.0147,0.0185,5/21/2019
C22MAH2_S1_I22_PostAPS_Line2,N/A,26,40,20,100,0,248,13,66.044,32.978,0.051,0.072,0.002,0.006,0.087,-0.001,-0.001,0.123,0.128,0.003,0.003,0.006,0.015,99.515,49.391,50.281,0.036,0.049,0.002,0.005,0.076,-0.001,-0.001,0.054,0.098,0.002,0.001,0.003,0.003484,1,S,0.9823,1,0.0007,0.001,0,0.0001,0.0015,0,0,0.0011,0.002,0,0,0.0001,0.0001,0.0217,0.0033,0.0063,0.0084,0.0034,0.0103,0.0034,0.006,0.0053,0.0146,0.0046,0.0093,0.0096,0.0147,0.0185,5/21/2019
C22MAH2_S1_I22_PostAPS_Line2,N/A,26,40,20,100,0,249,14,66.529,32.706,0.046,0.072,0.002,0.015,0.09,-0.006,0.004,0.118,0.13,0.017,0.006,0,-0.012,99.717,49.775,49.888,0.032,0.048,0.002,0.013,0.079,-0.004,0.003,0.051,0.1,0.014,0.002,0,-0.00282,1,S,0.9977,1,0.0006,0.001,0,0.0003,0.0016,-0.0001,0.0001,0.001,0.002,0.0003,0,0,-0.0001,0.0217,0.0033,0.0063,0.0084,0.0034,0.0103,0.0034,0.006,0.0053,0.0146,0.0046,0.0093,0.0096,0.0147,0.0185,5/21/2019
C22MAH2_S1_I22_PostAPS_Line2,N/A,26,40,20,100,0,250,15,66.2,32.691,0.043,0.083,0.005,0.017,0.09,0.003,-0.003,0.115,0.127,0.01,0.004,-0.007,-0.023,99.357,49.664,50.001,0.03,0.056,0.005,0.014,0.079,0.002,-0.002,0.05,0.098,0.009,0.002,-0.003,-0.00537,1,S,0.9933,1,0.0006,0.0011,0.0001,0.0003,0.0016,0,0,0.001,0.002,0.0002,0,-0.0001,-0.0001,0.0217,0.0033,0.0063,0.0084,0.0034,0.0103,0.0034,0.006,0.0053,0.0146,0.0046,0.0093,0.0096,0.0146,0.0185,5/21/2019
C22MAH2_S1_I22_PostAPS_Line3,unknown_cause_of_low_total,27,40,20,100,0,251,1,64.592,32.848,0.041,0.105,0.002,0.02,0.161,-0.006,0,0.25,0.179,0.01,0.011,-0.003,0.013,98.222,48.841,50.638,0.029,0.071,0.001,0.017,0.143,-0.004,0,0.11,0.139,0.008,0.005,-0.002,0.003151,1,S,0.9645,1,0.0006,0.0014,0,0.0003,0.0028,-0.0001,0,0.0022,0.0028,0.0002,0.0001,0,0.0001,0.0217,0.0033,0.0063,0.0084,0.0034,0.0104,0.0034,0.006,0.0053,0.0146,0.0046,0.0094,0.0096,0.0147,0.0184,5/21/2019
C22MAH2_S1_I22_PostAPS_Line3,N/A,27,40,20,100,0,252,2,65.362,32.587,0.02,0.008,0,0.016,0.138,-0.001,0.002,0.458,0,0.008,0.003,0.007,-0.01,98.599,49.411,50.223,0.014,0.006,0,0.013,0.122,0,0.001,0.201,0,0.007,0.001,0.003,-0.00246,1,S,0.9838,1,0.0003,0.0001,0,0.0003,0.0024,0,0,0.004,0,0.0001,0,0.0001,-0.0001,0.0217,0.0033,0.0063,0.0084,0.0034,0.0104,0.0034,0.006,0.0053,0.0147,0.0046,0.0094,0.0096,0.0147,0.0185,5/21/2019
C22MAH2_S1_I22_PostAPS_Line3,N/A,27,40,20,100,0,253,3,65.572,32.849,0.016,0.008,0.004,0.014,0.116,0.001,-0.003,0.284,0.013,0.004,0.005,-0.002,0.002,98.882,49.338,50.391,0.011,0.006,0.004,0.011,0.102,0.001,-0.002,0.124,0.01,0.004,0.002,-0.001,0.000545,1,S,0.9791,1,0.0002,0.0001,0.0001,0.0002,0.002,0,0,0.0025,0.0002,0.0001,0,0,0,0.0217,0.0033,0.0063,0.0084,0.0034,0.0104,0.0034,0.006,0.0053,0.0146,0.0046,0.0094,0.0096,0.0147,0.0185,5/21/2019
C22MAH2_S1_I22_PostAPS_Line3,N/A,27,40,20,100,0,254,4,66.105,32.89,0.011,-0.003,0.003,0.02,0.14,-0.003,-0.008,0.724,-0.01,0.015,0.006,-0.003,-0.004,99.883,49.415,50.125,0.008,-0.002,0.002,0.017,0.123,-0.002,-0.005,0.315,-0.008,0.012,0.002,-0.001,-0.00091,1,S,0.9858,1,0.0002,-0.0001,0,0.0003,0.0024,0,-0.0001,0.0063,-0.0002,0.0002,0,0,0,0.0218,0.0033,0.0063,0.0084,0.0034,0.0104,0.0035,0.006,0.0053,0.0147,0.0046,0.0094,0.0096,0.0147,0.0185,5/21/2019
C22MAH2_S1_I22_PostAPS_Line3,N/A,27,40,20,100,0,255,5,66.183,32.744,0.007,0.069,0,0.001,0.103,-0.003,-0.005,0.306,0.086,0.009,0.006,0.012,-0.009,99.507,49.61,50.04,0.005,0.046,0,0.001,0.09,-0.002,-0.003,0.133,0.066,0.007,0.002,0.005,-0.00215,1,S,0.9914,1,0.0001,0.0009,0,0,0.0018,0,-0.0001,0.0027,0.0013,0.0001,0,0.0001,0,0.0217,0.0033,0.0063,0.0084,0.0034,0.0104,0.0034,0.006,0.0053,0.0147,0.0046,0.0093,0.0096,0.0147,0.0185,5/21/2019
C22MAH2_S1_I22_PostAPS_Line3,N/A,27,40,20,100,0,256,6,66.34,32.796,0.007,0.016,0.003,0.004,0.113,0,0,0.547,0.017,0.005,-0.004,0.01,-0.01,99.841,49.618,50.008,0.005,0.011,0.002,0.003,0.099,0,0,0.238,0.013,0.004,-0.002,0.005,-0.0024,1,S,0.9922,1,0.0001,0.0002,0,0.0001,0.002,0,0,0.0048,0.0003,0.0001,0,0.0001,-0.0001,0.0217,0.0033,0.0063,0.0084,0.0034,0.0104,0.0034,0.006,0.0053,0.0147,0.0046,0.0094,0.0096,0.0147,0.0185,5/21/2019
C22MAH2_S1_I22_PostAPS_Line3,N/A,27,40,20,100,0,257,7,66.224,33.032,0.009,0.022,0.003,0.022,0.114,-0.001,-0.001,0.543,0.032,0.005,0.008,0.012,-0.007,100.017,49.377,50.212,0.006,0.015,0.002,0.018,0.099,-0.001,-0.001,0.235,0.025,0.004,0.003,0.006,-0.00166,1,S,0.9834,1,0.0001,0.0003,0,0.0004,0.002,0,0,0.0047,0.0005,0.0001,0.0001,0.0001,0,0.0217,0.0033,0.0063,0.0084,0.0034,0.0104,0.0034,0.006,0.0053,0.0147,0.0046,0.0094,0.0096,0.0147,0.0185,5/21/2019
C22MAH2_S1_I22_PostAPS_Line3,N/A,27,40,20,100,0,258,8,66.196,32.802,0.009,0.007,0.003,0.015,0.127,-0.003,-0.001,0.617,-0.003,0.005,0,-0.003,-0.021,99.751,49.546,50.054,0.007,0.005,0.003,0.012,0.111,-0.002,0,0.269,-0.002,0.004,0,-0.001,-0.00495,1,S,0.9899,1,0.0001,0.0001,0.0001,0.0002,0.0022,0,0,0.0054,-0.0001,0.0001,0,0,-0.0001,0.0217,0.0033,0.0063,0.0084,0.0034,0.0104,0.0034,0.006,0.0053,0.0147,0.0046,0.0094,0.0096,0.0147,0.0185,5/21/2019
C22MAH2_S1_I22_PostAPS_Line3,N/A,27,40,20,100,0,259,9,66.071,32.616,0.003,0.007,0.002,0.025,0.127,-0.008,-0.001,0.776,0.007,0.01,0.001,0.008,-0.013,99.632,49.596,49.914,0.002,0.004,0.002,0.021,0.112,-0.005,-0.001,0.339,0.006,0.008,0,0.004,-0.00306,1,S,0.9936,1,0,0.0001,0,0.0004,0.0022,-0.0001,0,0.0068,0.0001,0.0002,0,0.0001,-0.0001,0.0218,0.0033,0.0063,0.0084,0.0034,0.0104,0.0035,0.006,0.0053,0.0147,0.0046,0.0094,0.0097,0.0147,0.0185,5/21/2019
C22MAH2_S1_I22_PostAPS_Line3,N/A,27,40,20,100,0,260,10,66.168,32.58,0.016,0.026,0.003,0.029,0.128,0.013,0.018,0.554,0.014,0.022,0.005,0.005,-0.001,99.58,49.673,49.864,0.011,0.018,0.003,0.024,0.113,0.008,0.011,0.242,0.011,0.018,0.002,0.002,-0.00017,1,S,0.9962,1,0.0002,0.0004,0.0001,0.0005,0.0023,0.0002,0.0002,0.0049,0.0002,0.0004,0,0,0,0.0217,0.0033,0.0063,0.0084,0.0034,0.0104,0.0034,0.006,0.0053,0.0147,0.0046,0.0094,0.0096,0.0147,0.0185,5/21/2019
C22MAH2_S1_I22_PostAPS_Line3,N/A,27,40,20,100,0,262,12,65.979,32.585,0.021,0.002,-0.001,0.018,0.16,0.001,0.001,0.677,0,0.009,0.012,0.013,-0.001,99.475,49.587,49.927,0.015,0.001,-0.001,0.015,0.141,0,0.001,0.296,0,0.007,0.005,0.006,-0.00022,1,S,0.9932,1,0.0003,0,0,0.0003,0.0028,0,0,0.0059,0,0.0001,0.0001,0.0001,0,0.0217,0.0033,0.0063,0.0084,0.0034,0.0104,0.0035,0.006,0.0053,0.0147,0.0046,0.0094,0.0096,0.0147,0.0185,5/21/2019
C22MAH2_S1_I22_PostAPS_Line3,N/A,27,40,20,100,0,263,13,65.843,32.652,0.017,0.007,0.001,0.013,0.165,-0.001,0.003,0.655,0,0.006,0.003,-0.002,0.016,99.379,49.492,50.037,0.012,0.005,0.001,0.011,0.145,0,0.002,0.286,0,0.005,0.001,-0.001,0.003781,1,S,0.9891,1,0.0002,0.0001,0,0.0002,0.0029,0,0,0.0057,0,0.0001,0,0,0.0001,0.0217,0.0033,0.0063,0.0084,0.0034,0.0104,0.0035,0.006,0.0053,0.0147,0.0046,0.0094,0.0096,0.0147,0.0185,5/21/2019
C22MAH2_S1_I22_PostAPS_Line3,N/A,27,40,20,100,0,264,14,66.084,32.716,0.022,0,0.003,0.021,0.167,-0.003,0.002,0.69,-0.002,0.011,-0.002,0.001,0.011,99.721,49.524,49.985,0.015,0,0.003,0.017,0.147,-0.002,0.001,0.301,-0.002,0.009,-0.001,0.001,0.002551,1,S,0.9908,1,0.0003,0,0.0001,0.0003,0.0029,0,0,0.006,0,0.0002,0,0,0.0001,0.0217,0.0033,0.0063,0.0084,0.0034,0.0104,0.0035,0.006,0.0053,0.0147,0.0046,0.0094,0.0096,0.0147,0.0185,5/21/2019
C22MAH2_S1_I22_PostAPS_Line3,N/A,27,40,20,100,0,265,15,66.714,32.63,0.11,0.029,-0.002,0.018,0.105,0,-0.002,0.152,0.091,0.009,0.01,0.002,0,99.864,49.897,49.755,0.077,0.02,-0.002,0.015,0.092,0,-0.001,0.066,0.07,0.007,0.004,0.001,-0.00011,1,S,1.0029,1,0.0016,0.0004,0,0.0003,0.0018,0,0,0.0013,0.0014,0.0001,0.0001,0,0,0.0217,0.0033,0.0063,0.0084,0.0034,0.0103,0.0034,0.006,0.0053,0.0146,0.0046,0.0093,0.0096,0.0147,0.0185,5/21/2019
C22MAH2_S1_I22_XANES13_,N/A,38,40,20,100,10,386,1,67.24,33.264,0.076,0.052,0.003,0.01,0.093,-0.001,0.01,0.146,0.102,0.003,0.006,0.014,0.036,101.053,49.616,50.041,0.052,0.034,0.002,0.008,0.081,-0.001,0.006,0.063,0.077,0.002,0.003,0.006,0.008312,1,S,0.9915,1,0.001,0.0007,0,0.0002,0.0016,0,0.0001,0.0013,0.0015,0,0.0001,0.0001,0.0002,0.0215,0.0033,0.0063,0.0084,0.0034,0.0103,0.0034,0.006,0.0053,0.0147,0.0046,0.0093,0.0096,0.0147,0.0185,5/22/2019
C22MAH2_S1_I22_XANES13_,N/A,38,40,20,100,10,387,2,67.454,33.209,0.099,0.024,-0.002,0.014,0.102,0.002,0.009,0.153,0.095,0.007,0.004,0.013,0.006,101.189,49.737,49.922,0.068,0.016,-0.001,0.012,0.088,0.001,0.005,0.066,0.072,0.005,0.002,0.006,0.001433,1,S,0.9963,1,0.0014,0.0003,0,0.0002,0.0018,0,0.0001,0.0013,0.0014,0.0001,0,0.0001,0,0.0215,0.0033,0.0063,0.0084,0.0034,0.0103,0.0034,0.006,0.0053,0.0146,0.0046,0.0093,0.0096,0.0147,0.0185,5/22/2019
C22MAH2_S1_I22_XANES13_,N/A,38,40,20,100,10,388,3,67.098,33.299,0.079,0.045,0,0.022,0.092,0.006,0.01,0.141,0.104,0.006,0.018,0.009,0.007,100.935,49.534,50.117,0.055,0.03,0,0.018,0.08,0.004,0.006,0.061,0.079,0.005,0.007,0.004,0.001626,1,S,0.9884,1,0.0011,0.0006,0,0.0004,0.0016,0.0001,0.0001,0.0012,0.0016,0.0001,0.0001,0.0001,0,0.0215,0.0033,0.0063,0.0084,0.0034,0.0103,0.0034,0.006,0.0053,0.0146,0.0046,0.0093,0.0096,0.0147,0.0185,5/22/2019
C22MAH2_S1_I22_XANES13_,N/A,38,40,20,100,10,389,4,66.843,33.097,0.068,0.065,0.003,0.014,0.092,0.003,0.009,0.145,0.124,0.014,0.01,0.009,-0.019,100.478,49.583,50.052,0.047,0.044,0.003,0.012,0.08,0.002,0.006,0.063,0.095,0.011,0.004,0.004,-0.00436,1,S,0.9906,1,0.0009,0.0009,0.0001,0.0002,0.0016,0,0.0001,0.0013,0.0019,0.0002,0.0001,0.0001,-0.0001,0.0215,0.0033,0.0063,0.0084,0.0034,0.0103,0.0034,0.006,0.0053,0.0146,0.0046,0.0093,0.0096,0.0146,0.0185,5/22/2019
C22MAH2_S1_I22_XANES13_,N/A,39,40,20,100,0,396,1,66.206,33.018,0.079,0.044,-0.004,0.018,0.091,0.005,-0.001,0.122,0.106,0.01,-0.002,0.004,0.008,99.703,49.425,50.252,0.055,0.03,-0.004,0.015,0.079,0.003,-0.001,0.053,0.081,0.008,-0.001,0.002,0.001925,1,S,0.9835,1,0.0011,0.0006,-0.0001,0.0003,0.0016,0.0001,0,0.0011,0.0016,0.0002,0,0,0,0.0215,0.0033,0.0063,0.0084,0.0034,0.0103,0.0034,0.006,0.0053,0.0146,0.0046,0.0093,0.0096,0.0146,0.0184,5/22/2019
C22MAH2_S1_I22_XANES13_,N/A,39,40,20,100,0,397,2,66.724,32.953,0.106,0.032,0,0.019,0.101,0.003,0.006,0.155,0.096,0.018,0.005,0.014,-0.017,100.216,49.647,49.988,0.074,0.022,0,0.016,0.088,0.002,0.004,0.067,0.074,0.015,0.002,0.006,-0.00392,1,S,0.9932,1,0.0015,0.0004,0,0.0003,0.0018,0,0.0001,0.0013,0.0015,0.0003,0,0.0001,-0.0001,0.0215,0.0033,0.0063,0.0084,0.0034,0.0103,0.0034,0.006,0.0053,0.0146,0.0046,0.0093,0.0096,0.0146,0.0185,5/22/2019
C22MAH2_S1_I22_XANES13_,N/A,39,40,20,100,0,398,3,66.375,32.644,0.084,0.034,0.001,0.009,0.09,0.008,0.004,0.142,0.097,0.004,0.011,0.016,0.003,99.524,49.768,49.901,0.059,0.023,0.001,0.008,0.079,0.005,0.003,0.062,0.075,0.004,0.005,0.007,0.000684,1,S,0.9973,1,0.0012,0.0005,0,0.0002,0.0016,0.0001,0.0001,0.0012,0.0015,0.0001,0.0001,0.0001,0,0.0215,0.0033,0.0063,0.0084,0.0034,0.0103,0.0034,0.006,0.0053,0.0146,0.0046,0.0093,0.0096,0.0146,0.0185,5/22/2019
C22MAH2_S1_I22_XANES13_,N/A,39,40,20,100,0,399,4,66.65,32.933,0.063,0.069,0.001,0.011,0.091,0.006,0.003,0.136,0.129,0.006,0.011,0.006,0.011,100.127,49.638,50.004,0.044,0.046,0.001,0.009,0.079,0.004,0.002,0.059,0.099,0.005,0.004,0.003,0.002679,1,S,0.9927,1,0.0009,0.0009,0,0.0002,0.0016,0.0001,0,0.0012,0.002,0.0001,0.0001,0.0001,0.0001,0.0215,0.0033,0.0063,0.0084,0.0034,0.0103,0.0034,0.006,0.0053,0.0146,0.0046,0.0093,0.0096,0.0146,0.0185,5/22/2019
C22MAH2_S1_I22_XANES13_,N/A,39,40,20,100,0,400,5,66.374,32.749,0.077,0.047,0.001,0.018,0.091,0.01,0.007,0.134,0.102,0.007,0.002,0.008,-0.008,99.621,49.684,49.978,0.054,0.032,0.001,0.015,0.08,0.007,0.005,0.058,0.079,0.006,0.001,0.003,-0.00201,1,S,0.9941,1,0.0011,0.0006,0,0.0003,0.0016,0.0001,0.0001,0.0012,0.0016,0.0001,0,0.0001,0,0.0215,0.0033,0.0063,0.0084,0.0034,0.0103,0.0034,0.006,0.0053,0.0146,0.0046,0.0093,0.0096,0.0146,0.0185,5/22/2019
C22MAH2_S1_I22_XANES14_,N/A,40,40,20,100,0,401,1,66.031,32.907,0.025,0.097,0.002,0.014,0.092,0.005,0.003,0.133,0.159,0.007,-0.001,0.001,-0.021,99.454,49.423,50.214,0.017,0.066,0.002,0.012,0.081,0.003,0.002,0.058,0.123,0.006,0,0,-0.00486,1,S,0.9842,1,0.0003,0.0013,0,0.0002,0.0016,0.0001,0,0.0012,0.0024,0.0001,0,0,-0.0001,0.0215,0.0033,0.0063,0.0084,0.0034,0.0104,0.0034,0.006,0.0053,0.0147,0.0046,0.0093,0.0096,0.0147,0.0185,5/22/2019
C22MAH2_S1_I22_XANES14_,N/A,40,40,20,100,0,402,2,66.698,32.941,0.028,0.09,0.001,0.014,0.084,-0.001,0,0.124,0.143,0.003,0.008,0.01,0.001,100.144,49.66,50.002,0.02,0.061,0.001,0.012,0.073,-0.001,0,0.054,0.109,0.002,0.003,0.005,0.000351,1,S,0.9931,1,0.0004,0.0012,0,0.0002,0.0015,0,0,0.0011,0.0022,0,0.0001,0.0001,0,0.0215,0.0033,0.0063,0.0084,0.0034,0.0103,0.0034,0.006,0.0053,0.0146,0.0046,0.0093,0.0096,0.0147,0.0185,5/22/2019
C22MAH2_S1_I22_XANES14_,N/A,40,40,20,100,0,403,3,66.423,32.805,0.016,0.107,0.003,0.01,0.091,0.005,-0.004,0.113,0.168,0.008,0.009,-0.004,0.001,99.752,49.648,49.99,0.011,0.072,0.002,0.009,0.079,0.003,-0.002,0.049,0.129,0.007,0.004,-0.002,0.000308,1,S,0.9932,1,0.0002,0.0014,0,0.0002,0.0016,0.0001,-0.0001,0.001,0.0026,0.0001,0.0001,0,0,0.0215,0.0033,0.0063,0.0084,0.0034,0.0103,0.0034,0.006,0.0053,0.0146,0.0046,0.0093,0.0096,0.0146,0.0185,5/22/2019
C22MAH2_S1_I22_XANES15_,N/A,41,40,20,100,0,405,1,65.431,32.951,0.011,0.015,0.002,0.022,0.152,0.001,0.003,0.881,-0.007,0.006,0.01,0.004,0.005,99.486,49.063,50.373,0.008,0.01,0.002,0.018,0.133,0,0.002,0.384,-0.005,0.005,0.004,0.002,0.001197,1,S,0.974,1,0.0002,0.0002,0,0.0004,0.0026,0,0,0.0076,-0.0001,0.0001,0.0001,0,0,0.0215,0.0033,0.0063,0.0084,0.0034,0.0104,0.0035,0.006,0.0053,0.0147,0.0046,0.0094,0.0096,0.0147,0.0185,5/22/2019
C22MAH2_S1_I22_XANES15_,N/A,41,40,20,100,0,406,2,66.157,32.924,0.009,0.008,0.002,0.016,0.146,-0.002,0.007,0.817,-0.005,0.006,0.007,0.013,0.017,100.121,49.377,50.098,0.006,0.005,0.002,0.013,0.128,-0.002,0.004,0.355,-0.004,0.005,0.003,0.006,0.004009,1,S,0.9856,1,0.0001,0.0001,0,0.0003,0.0025,0,0.0001,0.0071,-0.0001,0.0001,0.0001,0.0001,0.0001,0.0216,0.0033,0.0063,0.0084,0.0034,0.0104,0.0035,0.0061,0.0053,0.0147,0.0046,0.0094,0.0097,0.0147,0.0185,5/22/2019
C22MAH2_S1_I22_XANES2_,N/A,42,40,20,100,0,408,1,65.878,32.801,0.017,0.018,-0.001,0.014,0.13,-0.01,0.002,0.623,0.026,0.006,0.005,0.005,-0.017,99.496,49.407,50.153,0.012,0.012,-0.001,0.011,0.114,-0.006,0.001,0.272,0.02,0.005,0.002,0.002,-0.00391,1,S,0.9851,1,0.0002,0.0002,0,0.0002,0.0023,-0.0001,0,0.0054,0.0004,0.0001,0,0,-0.0001,0.0215,0.0033,0.0063,0.0084,0.0034,0.0104,0.0034,0.006,0.0053,0.0146,0.0046,0.0094,0.0096,0.0147,0.0185,5/22/2019
C22MAH2_S1_I22_XANES12_,near_edge?,43,40,20,100,0,410,1,65.344,32.431,0.091,0.056,0,0.011,0.116,0.005,0.002,0.164,0.121,0.012,0.003,0.016,-0.009,98.365,49.505,50.092,0.064,0.038,0,0.009,0.103,0.003,0.002,0.072,0.094,0.01,0.001,0.007,-0.00206,1,S,0.9883,1,0.0013,0.0008,0,0.0002,0.0021,0.0001,0,0.0014,0.0019,0.0002,0,0.0001,0,0.0215,0.0033,0.0063,0.0084,0.0034,0.0103,0.0034,0.006,0.0053,0.0146,0.0046,0.0093,0.0096,0.0147,0.0185,5/22/2019
C22MAH2_S1_I22_XANES11_,N/A,44,40,20,100,0,412,1,65.428,32.819,-0.001,0.01,0,0.013,0.146,0.003,0.005,0.789,-0.006,0.01,0.002,0.018,0.006,99.244,49.188,50.302,-0.001,0.006,0,0.011,0.129,0.002,0.003,0.345,-0.004,0.008,0.001,0.008,0.001513,1,S,0.9779,1,0,0.0001,0,0.0002,0.0026,0,0.0001,0.0069,-0.0001,0.0002,0,0.0002,0,0.0215,0.0033,0.0063,0.0084,0.0034,0.0104,0.0035,0.006,0.0053,0.0147,0.0046,0.0094,0.0096,0.0147,0.0185,5/22/2019
C22MAH2_S1_I22_XANES11_,N/A,44,40,20,100,0,413,2,66.096,32.959,-0.006,0.007,0.005,0.015,0.151,0.001,0.002,0.765,-0.004,0.012,0.013,-0.006,0.002,100.012,49.343,50.164,-0.004,0.005,0.004,0.012,0.132,0.001,0.001,0.332,-0.003,0.01,0.005,-0.003,0.000543,1,S,0.9836,1,-0.0001,0.0001,0.0001,0.0002,0.0026,0,0,0.0066,-0.0001,0.0002,0.0001,-0.0001,0,0.0216,0.0033,0.0063,0.0084,0.0034,0.0104,0.0035,0.0061,0.0053,0.0147,0.0046,0.0094,0.0097,0.0147,0.0185,5/22/2019
C22MAH2_S1_I22_XANES11_,N/A,44,40,20,100,0,414,3,66.114,32.885,-0.004,0.001,0,0.02,0.15,0.007,0,0.802,-0.011,0.015,0.008,0.011,-0.015,99.983,49.399,50.094,-0.003,0,0,0.016,0.131,0.004,0,0.349,-0.008,0.013,0.003,0.005,-0.00348,1,S,0.9861,1,-0.0001,0,0,0.0003,0.0026,0.0001,0,0.007,-0.0002,0.0003,0.0001,0.0001,-0.0001,0.0215,0.0033,0.0063,0.0084,0.0034,0.0104,0.0035,0.006,0.0053,0.0147,0.0046,0.0094,0.0096,0.0147,0.0185,5/22/2019
C22MAH2_S1_I22_XANES11_,N/A,44,40,20,100,0,415,4,65.997,32.82,0.003,0.011,0.001,0.01,0.154,-0.007,0.003,0.786,-0.014,0.003,0.008,0.014,-0.023,99.768,49.412,50.097,0.002,0.008,0.001,0.008,0.135,-0.004,0.002,0.342,-0.011,0.003,0.003,0.006,-0.00553,1,S,0.9863,1,0,0.0002,0,0.0002,0.0027,-0.0001,0,0.0068,-0.0002,0.0001,0.0001,0.0001,-0.0001,0.0215,0.0033,0.0063,0.0084,0.0034,0.0104,0.0035,0.006,0.0053,0.0147,0.0046,0.0094,0.0096,0.0147,0.0185,5/22/2019
C55STJ4_S1_I14_PostAPS_,N/A,45,40,20,100,0,419,3,65.858,31.811,0.072,0.032,0.001,0.022,0.14,-0.003,-0.007,0.114,0.092,0.017,-0.006,0.007,-0.029,98.121,50.212,49.446,0.051,0.022,0.001,0.018,0.125,-0.002,-0.004,0.051,0.072,0.015,-0.002,0.003,-0.007,1,S,1.0155,1,0.001,0.0004,0,0.0004,0.0025,0,-0.0001,0.001,0.0015,0.0003,-0.0001,0.0001,-0.0001,0.0215,0.0033,0.0063,0.0084,0.0034,0.0103,0.0034,0.0061,0.0053,0.0146,0.0046,0.0093,0.0096,0.0146,0.0185,5/22/2019
C55STJ4_S1_I14_PostAPS_,N/A,45,40,20,100,0,420,4,65.875,32.015,0.088,0.024,0,0.022,0.153,0,0.003,0.106,0.08,0.022,-0.001,-0.003,-0.028,98.354,50.053,49.593,0.063,0.016,0,0.018,0.136,0,0.002,0.047,0.063,0.018,0,-0.002,-0.00683,1,S,1.0093,1,0.0013,0.0003,0,0.0004,0.0027,0,0,0.0009,0.0013,0.0004,0,0,-0.0001,0.0215,0.0033,0.0063,0.0084,0.0034,0.0103,0.0034,0.0061,0.0053,0.0146,0.0046,0.0093,0.0096,0.0146,0.0185,5/22/2019
C55STJ4_S1_I14_PostAPS_,N/A,45,40,20,100,0,421,5,65.652,32.536,0.101,0.028,0,0.027,0.15,-0.002,0.003,0.125,0.083,0.022,0.011,0.01,0.001,98.746,49.547,50.061,0.071,0.019,0,0.023,0.133,-0.002,0.002,0.055,0.064,0.019,0.004,0.004,0.000252,1,S,0.9897,1,0.0014,0.0004,0,0.0005,0.0027,0,0,0.0011,0.0013,0.0004,0.0001,0.0001,0,0.0215,0.0033,0.0063,0.0084,0.0034,0.0103,0.0034,0.006,0.0053,0.0146,0.0046,0.0093,0.0096,0.0147,0.0185,5/22/2019
C55STJ4_S1_I14_PostAPS_,N/A,45,40,20,100,0,422,6,66.042,32.165,0.016,0.031,-0.002,0.027,0.11,0.004,0.01,0.117,0.069,0.024,-0.002,0.008,-0.01,98.611,50.033,49.68,0.012,0.021,-0.002,0.023,0.098,0.003,0.006,0.052,0.054,0.02,-0.001,0.004,-0.00233,1,S,1.0071,1,0.0002,0.0004,0,0.0005,0.002,0.0001,0.0001,0.001,0.0011,0.0004,0,0.0001,-0.0001,0.0215,0.0033,0.0063,0.0084,0.0034,0.0103,0.0034,0.0061,0.0053,0.0146,0.0046,0.0093,0.0096,0.0146,0.0185,5/22/2019
C55STJ4_S1_I14_PostAPS_,N/A,45,40,20,100,0,423,7,66.274,32.294,0.002,0.007,0.001,0.016,0.154,0.009,0.003,0.604,-0.011,0.017,-0.006,-0.004,-0.003,99.357,49.949,49.621,0.002,0.004,0.001,0.013,0.136,0.006,0.002,0.265,-0.008,0.014,-0.002,-0.002,-0.00066,1,S,1.0066,1,0,0.0001,0,0.0003,0.0027,0.0001,0,0.0053,-0.0002,0.0003,-0.0001,0,0,0.0216,0.0033,0.0063,0.0084,0.0034,0.0104,0.0034,0.0061,0.0053,0.0146,0.0046,0.0094,0.0096,0.0147,0.0185,5/22/2019
C55STJ4_S1_I14_PostAPS_,N/A,45,40,20,100,0,424,8,66.196,32.35,-0.002,0.007,0.001,0.017,0.155,0.002,0.003,0.589,-0.013,0.006,0.007,0.029,-0.002,99.346,49.878,49.694,-0.001,0.005,0.001,0.014,0.137,0.001,0.002,0.258,-0.01,0.005,0.003,0.013,-0.00044,1,S,1.0037,1,0,0.0001,0,0.0003,0.0028,0,0,0.0052,-0.0002,0.0001,0.0001,0.0003,0,0.0216,0.0033,0.0063,0.0084,0.0034,0.0104,0.0034,0.0061,0.0053,0.0147,0.0046,0.0094,0.0096,0.0147,0.0185,5/22/2019
C55STJ4_S1_I14_PostAPS_,N/A,45,40,20,100,0,425,9,65.532,32.11,0.012,0.035,0,0.008,0.116,-0.005,0.001,0.125,0.047,0.011,0.012,0.025,-0.009,98.019,49.899,49.847,0.009,0.024,0,0.007,0.104,-0.004,0,0.056,0.037,0.009,0.005,0.012,-0.0021,1,S,1.001,1,0.0002,0.0005,0,0.0001,0.0021,-0.0001,0,0.0011,0.0007,0.0002,0.0001,0.0002,0,0.0215,0.0033,0.0063,0.0084,0.0034,0.0103,0.0034,0.006,0.0053,0.0146,0.0046,0.0093,0.0096,0.0146,0.0185,5/22/2019
C55STJ4_S1_I14_PostAPS_,N/A,45,40,20,100,0,426,10,66.734,32.233,0.005,0,0.004,0.012,0.16,0.005,0.007,0.577,-0.013,0.019,0.012,0.006,-0.015,99.745,50.17,49.404,0.004,0,0.003,0.01,0.14,0.004,0.004,0.252,-0.01,0.016,0.005,0.003,-0.00346,1,S,1.0155,1,0.0001,0,0.0001,0.0002,0.0028,0.0001,0.0001,0.0051,-0.0002,0.0003,0.0001,0.0001,-0.0001,0.0216,0.0033,0.0063,0.0084,0.0034,0.0104,0.0034,0.0061,0.0053,0.0147,0.0046,0.0094,0.0096,0.0147,0.0185,5/22/2019
C55STJ4_S1_I14_PostAPS_,N/A,45,40,20,100,0,427,11,66.585,32.289,-0.007,0.003,-0.001,0.008,0.158,0.007,0.001,0.588,-0.014,0.014,0.002,0.002,-0.011,99.625,50.082,49.513,-0.005,0.002,-0.001,0.007,0.139,0.004,0.001,0.257,-0.011,0.011,0.001,0.001,-0.00251,1,S,1.0115,1,-0.0001,0,0,0.0001,0.0028,0.0001,0,0.0052,-0.0002,0.0002,0,0,-0.0001,0.0216,0.0033,0.0063,0.0084,0.0034,0.0104,0.0034,0.0061,0.0053,0.0147,0.0046,0.0094,0.0096,0.0147,0.0185,5/22/2019
C55STJ4_S1_I14_PostAPS_,"I_think_this_is_spot_12_(REL._LINE)_on_""Probe_spots_052119.pptx""_CHANGED_TO_REFLECT_THIS",46,40,20,100,0,428,12,66.462,32.559,0.001,0.004,0.002,0.014,0.156,0.001,0.004,0.578,-0.013,0.014,0.008,0.009,-0.013,99.786,49.825,49.761,0.001,0.003,0.002,0.012,0.137,0,0.002,0.252,-0.01,0.012,0.003,0.004,-0.00302,1,S,1.0013,1,0,0.0001,0,0.0002,0.0027,0,0,0.0051,-0.0002,0.0002,0.0001,0.0001,-0.0001,0.0216,0.0033,0.0063,0.0084,0.0034,0.0104,0.0035,0.0061,0.0053,0.0147,0.0046,0.0094,0.0097,0.0147,0.0185,5/22/2019
C55STJ4_S1_I14_PostAPS_,"I_think_this_is_spot_13_(REL._LINE)_on_""Probe_spots_052119.pptx""_CHANGED_TO_REFLECT_THIS",46,40,20,100,0,429,13,67.088,32.13,0.003,0.008,0,0.014,0.155,0.001,0.005,0.582,-0.018,0.017,0.006,0.005,0.002,99.997,50.386,49.196,0.002,0.005,0,0.012,0.136,0.001,0.003,0.254,-0.014,0.014,0.002,0.002,0.000405,1,S,1.0242,1,0,0.0001,0,0.0002,0.0028,0,0.0001,0.0052,-0.0003,0.0003,0,0.0001,0,0.0216,0.0033,0.0063,0.0084,0.0034,0.0104,0.0034,0.0061,0.0053,0.0147,0.0046,0.0094,0.0097,0.0147,0.0185,5/22/2019
C55STJ4_S1_I14_PostAPS_,"I_think_this_is_spot_14_(REL._LINE)_on_""Probe_spots_052119.pptx""_CHANGED_TO_REFLECT_THIS",46,40,20,100,0,430,14,67.098,32.338,0.004,0.008,0.001,0.024,0.163,0.007,0.008,0.594,-0.016,0.01,0.002,0.02,-0.014,100.246,50.217,49.341,0.003,0.005,0.001,0.02,0.142,0.004,0.005,0.259,-0.012,0.008,0.001,0.009,-0.00319,1,S,1.0177,1,0.0001,0.0001,0,0.0004,0.0029,0.0001,0.0001,0.0052,-0.0003,0.0002,0,0.0002,-0.0001,0.0216,0.0033,0.0063,0.0084,0.0034,0.0104,0.0034,0.0061,0.0053,0.0147,0.0046,0.0094,0.0097,0.0147,0.0185,5/22/2019
C55STJ4_S1_I14_PostAPS_,"I_think_this_is_spot_15_(REL._LINE)_on_""Probe_spots_052119.pptx""_CHANGED_TO_REFLECT_THIS",46,40,20,100,0,431,15,65.839,32.984,0.018,0.055,0.003,0.021,0.138,0.007,0.008,0.135,0.079,0.011,0.014,-0.002,0.002,99.311,49.307,50.36,0.012,0.037,0.002,0.017,0.121,0.004,0.005,0.059,0.061,0.009,0.006,-0.001,0.000472,1,S,0.9791,1,0.0002,0.0007,0,0.0003,0.0024,0.0001,0.0001,0.0012,0.0012,0.0002,0.0001,0,0,0.0215,0.0033,0.0063,0.0084,0.0034,0.0103,0.0034,0.006,0.0053,0.0146,0.0046,0.0093,0.0096,0.0146,0.0184,5/22/2019
C55STJ4_S1_I8_PostAPS_,N/A,48,40,20,100,0,437,1,65.931,32.774,0.005,0.004,-0.002,0.021,0.279,0.008,0.009,0.453,-0.003,0.023,0.004,0.003,0.003,99.512,49.42,50.085,0.003,0.002,-0.002,0.018,0.245,0.005,0.006,0.198,-0.003,0.019,0.002,0.001,0.000659,1,S,0.9867,1,0.0001,0,0,0.0004,0.0049,0.0001,0.0001,0.0039,-0.0001,0.0004,0,0,0,0.0216,0.0033,0.0063,0.0084,0.0034,0.0104,0.0034,0.006,0.0053,0.0146,0.0046,0.0094,0.0096,0.0147,0.0185,5/22/2019
C55STJ4_S1_I8_PostAPS_,N/A,48,40,20,100,0,438,2,66.259,33.073,0.005,0.033,-0.002,0.018,0.239,0.001,0.012,0.394,0.027,0.015,0.009,0.009,0.012,100.103,49.331,50.2,0.003,0.022,-0.001,0.015,0.209,0.001,0.007,0.17,0.021,0.012,0.004,0.004,0.002739,1,S,0.9827,1,0.0001,0.0004,0,0.0003,0.0042,0,0.0001,0.0034,0.0004,0.0002,0.0001,0.0001,0.0001,0.0216,0.0033,0.0063,0.0084,0.0034,0.0104,0.0034,0.006,0.0053,0.0146,0.0046,0.0094,0.0096,0.0147,0.0185,5/22/2019
C55STJ4_S1_I8_PostAPS_,N/A,48,40,20,100,0,439,3,66.29,33.34,0.008,0.02,0,0.015,0.251,0.003,0.009,0.431,0.016,0.003,0.003,0.015,0.006,100.411,49.143,50.39,0.006,0.013,0,0.012,0.218,0.002,0.006,0.186,0.012,0.003,0.001,0.007,0.001335,1,S,0.9753,1,0.0001,0.0003,0,0.0002,0.0043,0,0.0001,0.0037,0.0002,0.0001,0,0.0001,0,0.0216,0.0033,0.0063,0.0084,0.0034,0.0104,0.0034,0.006,0.0053,0.0146,0.0046,0.0094,0.0096,0.0147,0.0185,5/22/2019
C55STJ4_S1_I8_PostAPS_,N/A,48,40,20,100,0,440,4,66.715,33.052,-0.003,0.004,0.001,0.021,0.304,0.006,0.003,0.789,0,0.011,0.005,0.011,0.006,100.926,49.429,49.926,-0.002,0.003,0.001,0.017,0.264,0.004,0.002,0.34,0,0.009,0.002,0.005,0.001441,1,S,0.9901,1,0,0.0001,0,0.0003,0.0053,0.0001,0,0.0068,0,0.0002,0,0.0001,0,0.0216,0.0033,0.0063,0.0084,0.0034,0.0104,0.0035,0.006,0.0053,0.0147,0.0046,0.0094,0.0097,0.0147,0.0185,5/22/2019
C55STJ4_S1_I8_PostAPS_,N/A,48,40,20,100,0,441,5,65.941,32.985,0.005,0.021,0.002,0.014,0.274,0.011,0.007,0.522,0.019,0.017,0.009,0.008,0.011,99.845,49.238,50.215,0.003,0.014,0.001,0.012,0.24,0.007,0.004,0.227,0.015,0.014,0.004,0.004,0.002571,1,S,0.9806,1,0.0001,0.0003,0,0.0002,0.0048,0.0001,0.0001,0.0045,0.0003,0.0003,0.0001,0.0001,0.0001,0.0216,0.0033,0.0063,0.0084,0.0034,0.0104,0.0034,0.006,0.0053,0.0146,0.0046,0.0094,0.0096,0.0147,0.0185,5/22/2019
C55STJ4_S1_I8_PostAPS_,N/A,48,40,20,100,0,443,7,65.761,32.875,-0.001,0.008,0,0.006,0.243,0.003,0.007,0.433,0.002,0.017,0.011,0.012,-0.016,99.36,49.308,50.254,-0.001,0.005,0,0.005,0.213,0.002,0.004,0.189,0.002,0.014,0.004,0.005,-0.00376,1,S,0.9812,1,0,0.0001,0,0.0001,0.0042,0,0.0001,0.0038,0,0.0003,0.0001,0.0001,-0.0001,0.0216,0.0033,0.0063,0.0084,0.0034,0.0104,0.0034,0.006,0.0053,0.0146,0.0046,0.0094,0.0096,0.0147,0.0185,5/22/2019
C55STJ4_S1_I8_PostAPS_,N/A,48,40,20,100,0,444,8,66.502,32.967,0.012,0,0.002,0.018,0.27,0.006,0.007,0.496,-0.008,0.014,0.011,-0.003,-0.002,100.291,49.491,50.018,0.008,0,0.002,0.015,0.235,0.004,0.004,0.215,-0.006,0.012,0.004,-0.001,-0.00055,1,S,0.9895,1,0.0002,0,0,0.0003,0.0047,0.0001,0.0001,0.0043,-0.0001,0.0002,0.0001,0,0,0.0216,0.0033,0.0063,0.0084,0.0034,0.0104,0.0034,0.006,0.0053,0.0146,0.0046,0.0094,0.0096,0.0147,0.0185,5/22/2019
C55STJ4_S1_I8_PostAPS_,N/A,48,40,20,100,0,445,9,66.153,32.875,0.003,0.01,0,0.007,0.246,-0.001,0.004,0.729,-0.011,0.016,0.004,0.013,0.015,100.063,49.393,50.043,0.002,0.007,0,0.006,0.215,-0.001,0.002,0.317,-0.008,0.013,0.002,0.006,0.003525,1,S,0.987,1,0,0.0001,0,0.0001,0.0043,0,0,0.0063,-0.0002,0.0003,0,0.0001,0.0001,0.0216,0.0033,0.0063,0.0084,0.0034,0.0104,0.0035,0.006,0.0053,0.0147,0.0046,0.0094,0.0096,0.0147,0.0185,5/22/2019
C55STJ4_S1_I8_PostAPS_,N/A,48,40,20,100,0,446,10,66.413,33.087,0.004,0.01,0.001,0.017,0.243,0.002,0.012,0.729,-0.009,0.012,0.006,0.02,-0.015,100.531,49.328,50.103,0.002,0.007,0.001,0.014,0.211,0.001,0.007,0.315,-0.007,0.01,0.003,0.009,-0.00359,1,S,0.9845,1,0.0001,0.0001,0,0.0003,0.0042,0,0.0001,0.0063,-0.0001,0.0002,0.0001,0.0002,-0.0001,0.0217,0.0033,0.0063,0.0084,0.0034,0.0104,0.0035,0.006,0.0053,0.0147,0.0046,0.0094,0.0097,0.0147,0.0185,5/22/2019
C55STJ4_S1_I8_PostAPS_,N/A,48,40,20,100,0,447,11,66.463,33.156,0.009,0.023,0.003,0.025,0.268,-0.003,-0.003,0.508,0.023,0.01,0.02,0.007,-0.016,100.493,49.317,50.157,0.006,0.016,0.002,0.021,0.232,-0.002,-0.002,0.219,0.017,0.008,0.008,0.003,-0.0037,1,S,0.9832,1,0.0001,0.0003,0,0.0004,0.0046,0,0,0.0044,0.0003,0.0002,0.0002,0.0001,-0.0001,0.0216,0.0033,0.0063,0.0084,0.0034,0.0104,0.0034,0.006,0.0053,0.0146,0.0046,0.0094,0.0096,0.0147,0.0185,5/22/2019
C55STJ4_S1_I8_PostAPS_,N/A,48,40,20,100,0,448,12,66.556,32.905,0.008,0.003,0.005,0.017,0.287,0.009,0.011,0.634,-0.009,0.007,0.003,0.018,-0.009,100.448,49.518,49.912,0.006,0.002,0.004,0.014,0.25,0.006,0.007,0.274,-0.007,0.006,0.001,0.008,-0.00203,1,S,0.9921,1,0.0001,0,0.0001,0.0003,0.005,0.0001,0.0001,0.0055,-0.0001,0.0001,0,0.0002,0,0.0216,0.0033,0.0063,0.0084,0.0034,0.0104,0.0035,0.006,0.0053,0.0146,0.0046,0.0094,0.0096,0.0147,0.0185,5/22/2019
C55STJ4_S1_I8_PostAPS_,N/A,48,40,20,100,0,449,13,66.284,33.341,0.003,0.004,0.003,0.023,0.257,0.011,0.013,0.75,-0.012,0.005,0.017,0.03,0.024,100.752,49.071,50.322,0.002,0.003,0.003,0.019,0.222,0.007,0.008,0.323,-0.009,0.004,0.007,0.013,0.005696,1,S,0.9751,1,0,0.0001,0.0001,0.0004,0.0044,0.0001,0.0002,0.0064,-0.0002,0.0001,0.0001,0.0003,0.0001,0.0216,0.0033,0.0063,0.0084,0.0034,0.0104,0.0035,0.006,0.0053,0.0147,0.0046,0.0094,0.0096,0.0147,0.0185,5/22/2019
C22MAH2_S1_I10_PostAPS_Line1,N/A,49,40,20,100,0,450,1,67.341,33.078,0.053,0.057,0.003,0.02,0.12,0.005,0.003,0.116,0.116,0.009,0.014,0.008,-0.001,100.943,49.786,49.857,0.037,0.038,0.003,0.016,0.104,0.003,0.002,0.05,0.088,0.008,0.006,0.003,-0.00026,1,S,0.9986,1,0.0007,0.0008,0.0001,0.0003,0.0021,0.0001,0,0.001,0.0018,0.0002,0.0001,0.0001,0,0.0216,0.0033,0.0063,0.0084,0.0034,0.0103,0.0034,0.006,0.0053,0.0146,0.0046,0.0093,0.0096,0.0147,0.0185,5/22/2019
C22MAH2_S1_I10_PostAPS_Line1,N/A,49,40,20,100,0,452,3,66.668,31.278,0.013,0.032,-0.007,0.027,0.101,-0.015,-0.036,0.05,0.104,0.009,-0.038,-0.028,-0.065,98.095,51.023,48.803,0.01,0.022,-0.006,0.023,0.091,-0.01,-0.023,0.022,0.082,0.007,-0.016,-0.013,-0.01569,1,S,1.0455,1,0.0002,0.0005,-0.0001,0.0005,0.0019,-0.0002,-0.0005,0.0005,0.0017,0.0002,-0.0003,-0.0003,-0.0003,0.0216,0.0033,0.0063,0.0084,0.0034,0.0103,0.0034,0.0061,0.0053,0.0146,0.0046,0.0093,0.0096,0.0146,0.0185,5/22/2019
C22MAH2_S1_I10_PostAPS_Line1,N/A,49,40,20,100,0,453,4,67.108,32.853,0.01,0.058,-0.002,0.02,0.12,0.006,0.007,0.099,0.104,0.015,0.002,0.021,0.005,100.427,49.888,49.792,0.007,0.039,-0.002,0.017,0.105,0.004,0.004,0.043,0.08,0.012,0.001,0.009,0.001114,1,S,1.0019,1,0.0001,0.0008,0,0.0003,0.0021,0.0001,0.0001,0.0009,0.0016,0.0003,0,0.0002,0,0.0216,0.0033,0.0063,0.0084,0.0034,0.0103,0.0034,0.006,0.0053,0.0146,0.0046,0.0093,0.0096,0.0147,0.0185,5/22/2019
C22MAH2_S1_I10_PostAPS_Line1,N/A,49,40,20,100,0,454,5,65.872,32.699,0.014,0.042,-0.001,0.024,0.119,0.006,0.01,0.119,0.1,0.019,0.011,0.01,0.003,99.047,49.538,50.134,0.01,0.028,-0.001,0.02,0.105,0.004,0.006,0.052,0.078,0.016,0.004,0.005,0.000611,1,S,0.9881,1,0.0002,0.0006,0,0.0004,0.0021,0.0001,0.0001,0.001,0.0015,0.0003,0.0001,0.0001,0,0.0216,0.0033,0.0063,0.0084,0.0034,0.0103,0.0034,0.006,0.0053,0.0146,0.0046,0.0093,0.0096,0.0146,0.0185,5/22/2019
C22MAH2_S1_I10_PostAPS_Line1,N/A,49,40,20,100,0,455,6,66.298,32.713,0.016,0.042,0,0.026,0.129,0.011,0.006,0.119,0.091,0.006,0.012,0.009,0.002,99.478,49.692,49.988,0.011,0.028,0,0.021,0.114,0.007,0.004,0.052,0.07,0.005,0.005,0.004,0.000429,1,S,0.9941,1,0.0002,0.0006,0,0.0004,0.0023,0.0001,0.0001,0.001,0.0014,0.0001,0.0001,0.0001,0,0.0216,0.0033,0.0063,0.0084,0.0034,0.0103,0.0034,0.006,0.0053,0.0146,0.0046,0.0093,0.0096,0.0147,0.0185,5/22/2019
C22MAH2_S1_I10_PostAPS_Line1,N/A,49,40,20,100,0,456,7,66.372,32.794,0.018,0.036,-0.001,0.019,0.135,0.004,0.008,0.13,0.091,0.009,0.006,0.003,0.003,99.627,49.66,50.023,0.013,0.024,-0.001,0.016,0.119,0.002,0.005,0.056,0.07,0.008,0.002,0.001,0.000765,1,S,0.9927,1,0.0003,0.0005,0,0.0003,0.0024,0,0.0001,0.0011,0.0014,0.0002,0,0,0,0.0216,0.0033,0.0063,0.0084,0.0034,0.0103,0.0034,0.006,0.0053,0.0146,0.0046,0.0093,0.0096,0.0147,0.0185,5/22/2019
C22MAH2_S1_I10_PostAPS_Line1,N/A,49,40,20,100,0,457,8,66.676,32.708,0.014,0.051,-0.005,0.017,0.132,0.003,0.005,0.12,0.096,-0.005,0.009,0.014,-0.016,99.82,49.846,49.851,0.01,0.034,-0.004,0.014,0.116,0.002,0.003,0.052,0.074,-0.004,0.004,0.006,-0.00368,1,S,0.9999,1,0.0002,0.0007,-0.0001,0.0003,0.0023,0,0.0001,0.001,0.0015,-0.0001,0.0001,0.0001,-0.0001,0.0216,0.0033,0.0063,0.0084,0.0034,0.0103,0.0034,0.006,0.0053,0.0146,0.0046,0.0095,0.0096,0.0147,0.0185,5/22/2019
C22MAH2_S1_I10_PostAPS_Line1,N/A,49,40,20,100,0,458,9,66.404,32.868,-0.01,-0.009,0.001,0.015,0.178,0.009,0.01,0.479,-0.01,0.013,0.01,0.014,0.004,99.975,49.58,50.031,-0.007,-0.006,0.001,0.012,0.155,0.006,0.006,0.208,-0.008,0.011,0.004,0.007,0.000827,1,S,0.991,1,-0.0001,-0.0001,0,0.0002,0.0031,0.0001,0.0001,0.0042,-0.0002,0.0002,0.0001,0.0001,0,0.0216,0.0033,0.0063,0.0084,0.0034,0.0104,0.0034,0.006,0.0053,0.0147,0.0046,0.0094,0.0096,0.0147,0.0185,5/22/2019
C22MAH2_S1_I10_PostAPS_Line1,N/A,49,40,20,100,0,459,10,67.387,33.171,0.013,0.027,0.001,0.012,0.153,0.008,0.01,0.192,0.07,0.01,0.01,0.018,0.022,101.104,49.741,49.917,0.009,0.018,0.001,0.01,0.132,0.005,0.006,0.082,0.053,0.008,0.004,0.008,0.005139,1,S,0.9965,1,0.0002,0.0004,0,0.0002,0.0026,0.0001,0.0001,0.0017,0.0011,0.0002,0.0001,0.0002,0.0001,0.0217,0.0033,0.0063,0.0084,0.0034,0.0104,0.0034,0.0061,0.0053,0.0147,0.0046,0.0094,0.0097,0.0147,0.0185,5/22/2019
C22MAH2_S1_I10_PostAPS_Line1,N/A,49,40,20,100,0,460,11,66.166,32.36,0.001,-0.014,-0.007,0.013,0.176,0.008,0.007,0.263,-0.004,0.007,-0.004,0.018,-0.024,98.964,49.933,49.788,0.001,-0.01,-0.006,0.011,0.156,0.005,0.004,0.115,-0.003,0.006,-0.002,0.008,-0.00577,1,S,1.0029,1,0,-0.0002,-0.0001,0.0002,0.0031,0.0001,0.0001,0.0023,-0.0001,0.0001,0,0.0002,-0.0001,0.0216,0.0033,0.0063,0.0084,0.0034,0.0103,0.0034,0.0061,0.0053,0.0146,0.0046,0.0093,0.0096,0.0147,0.0185,5/22/2019
C22MAH2_S1_I10_PostAPS_Line1,N/A,49,40,20,100,0,461,12,65.577,32.497,-0.016,-0.03,-0.003,0.011,0.178,0.011,0.007,0.402,-0.023,0.01,0.002,0.017,-0.016,98.625,49.587,50.097,-0.011,-0.02,-0.003,0.009,0.158,0.008,0.004,0.177,-0.018,0.008,0.001,0.008,-0.00376,1,S,0.9898,1,-0.0002,-0.0004,-0.0001,0.0002,0.0032,0.0002,0.0001,0.0035,-0.0004,0.0002,0,0.0002,-0.0001,0.0216,0.0033,0.0063,0.0084,0.0034,0.0104,0.0034,0.006,0.0053,0.0147,0.0046,0.0094,0.0096,0.0147,0.0185,5/22/2019
C22MAH2_S1_I10_PostAPS_Line1,N/A,49,40,20,100,0,464,15,66.434,32.8,0.012,0.032,-0.003,0.014,0.127,0.004,0.009,0.119,0.075,0.002,0.007,0.014,-0.009,99.635,49.699,50.025,0.008,0.022,-0.003,0.012,0.111,0.002,0.005,0.052,0.058,0.001,0.003,0.007,-0.00216,1,S,0.9935,1,0.0002,0.0004,-0.0001,0.0002,0.0022,0,0.0001,0.001,0.0012,0,0.0001,0.0001,0,0.0216,0.0033,0.0063,0.0084,0.0034,0.0103,0.0034,0.006,0.0053,0.0146,0.0046,0.0093,0.0096,0.0147,0.0185,5/22/2019
C22MAH2_S1_I10_PostAPS_Line1,N/A,49,40,20,100,0,465,16,67.305,32.909,0.024,0.035,0,0.017,0.134,0.01,0.013,0.124,0.086,0.015,0.01,0.017,0.01,100.708,49.914,49.757,0.017,0.023,0,0.014,0.117,0.007,0.008,0.053,0.066,0.012,0.004,0.007,0.00226,1,S,1.0032,1,0.0003,0.0005,0,0.0003,0.0023,0.0001,0.0002,0.0011,0.0013,0.0002,0.0001,0.0002,0,0.0216,0.0033,0.0063,0.0084,0.0034,0.0103,0.0034,0.0061,0.0053,0.0147,0.0046,0.0093,0.0096,0.0147,0.0185,5/22/2019
C22MAH2_S1_I10_PostAPS_Line1,N/A,49,40,20,100,0,467,18,67.55,32.989,0.021,0.028,0.001,0.027,0.097,0.012,0.014,0.099,0.079,0.015,0.014,0.019,-0.012,100.954,49.967,49.75,0.015,0.019,0.001,0.022,0.084,0.008,0.009,0.043,0.06,0.012,0.005,0.009,-0.00269,1,S,1.0044,1,0.0003,0.0004,0,0.0004,0.0017,0.0002,0.0002,0.0009,0.0012,0.0002,0.0001,0.0002,-0.0001,0.0216,0.0033,0.0063,0.0084,0.0034,0.0103,0.0034,0.0061,0.0053,0.0146,0.0046,0.0093,0.0096,0.0147,0.0185,5/22/2019
C22MAH2_S1_I10_PostAPS_Line1,N/A,49,40,20,100,0,468,19,67.9,32.674,0.04,0.015,-0.001,0.021,0.108,0.012,0.01,0.096,0.065,0.011,0.006,0.019,-0.01,100.966,50.342,49.388,0.028,0.01,-0.001,0.017,0.093,0.008,0.006,0.041,0.05,0.009,0.002,0.009,-0.00243,1,S,1.0193,1,0.0006,0.0002,0,0.0004,0.0019,0.0002,0.0001,0.0008,0.001,0.0002,0,0.0002,-0.0001,0.0217,0.0033,0.0063,0.0084,0.0034,0.0103,0.0034,0.0061,0.0053,0.0146,0.0046,0.0093,0.0096,0.0147,0.0185,5/22/2019
C22MAH2_S1_I10_PostAPS_Line1,N/A,49,40,20,100,0,469,20,66.808,32.731,0.054,0.011,-0.002,0.009,0.109,0.014,0.012,0.099,0.066,0.015,0.009,0.007,0.018,99.959,49.889,49.831,0.038,0.007,-0.002,0.008,0.096,0.009,0.007,0.043,0.051,0.013,0.004,0.003,0.004191,1,S,1.0012,1,0.0008,0.0002,0,0.0002,0.0019,0.0002,0.0001,0.0009,0.001,0.0003,0.0001,0.0001,0.0001,0.0217,0.0033,0.0063,0.0084,0.0034,0.0103,0.0034,0.0061,0.0053,0.0147,0.0046,0.0093,0.0096,0.0147,0.0185,5/22/2019
C22MAH2_S1_I10_PostAPS_Line1,N/A,49,40,20,100,0,470,21,67.089,32.794,0.056,0.015,-0.001,0.012,0.102,0.01,0.012,0.095,0.062,0.007,0.001,0.029,-0.008,100.273,49.953,49.782,0.039,0.01,-0.001,0.01,0.089,0.006,0.007,0.041,0.047,0.006,0,0.013,-0.00189,1,S,1.0034,1,0.0008,0.0002,0,0.0002,0.0018,0.0001,0.0001,0.0008,0.0009,0.0001,0,0.0003,0,0.0216,0.0033,0.0063,0.0084,0.0034,0.0103,0.0034,0.0061,0.0053,0.0146,0.0046,0.0093,0.0096,0.0147,0.0185,5/22/2019
C22MAH2_S1_I10_PostAPS_Line1,N/A,49,40,20,100,0,471,22,68.084,32.861,0.064,0.011,0.001,0.01,0.104,0.005,0.004,0.12,0.077,0.008,0.012,0.01,0.013,101.384,50.259,49.455,0.044,0.007,0.001,0.008,0.09,0.003,0.003,0.051,0.059,0.007,0.005,0.004,0.002917,1,S,1.0162,1,0.0009,0.0002,0,0.0002,0.0018,0.0001,0.0001,0.001,0.0012,0.0001,0.0001,0.0001,0.0001,0.0217,0.0033,0.0063,0.0084,0.0034,0.0103,0.0034,0.0061,0.0053,0.0147,0.0046,0.0093,0.0096,0.0147,0.0185,5/22/2019
C22MAH2_S1_I10_PostAPS_Line1,N/A,49,40,20,100,0,472,23,67.955,32.807,0.029,0.038,-0.001,0.021,0.108,0.008,0.012,0.113,0.079,0.012,0.009,0.022,0.003,101.214,50.246,49.454,0.02,0.025,-0.001,0.017,0.094,0.005,0.007,0.048,0.06,0.01,0.004,0.01,0.000588,1,S,1.016,1,0.0004,0.0005,0,0.0003,0.0019,0.0001,0.0002,0.001,0.0012,0.0002,0.0001,0.0002,0,0.0217,0.0033,0.0063,0.0084,0.0034,0.0103,0.0034,0.0061,0.0053,0.0147,0.0046,0.0093,0.0096,0.0147,0.0185,5/22/2019
C22MAH2_S1_I10_PostAPS_Line1,seems_okay?,49,40,20,100,0,473,24,68.588,32.879,0.04,0.023,0,0.02,0.11,0.019,0.013,0.129,0.059,0.014,0.01,0.002,-0.019,101.888,50.429,49.285,0.028,0.015,0,0.017,0.094,0.012,0.008,0.055,0.045,0.012,0.004,0.001,-0.00438,1,S,1.0232,1,0.0006,0.0003,0,0.0003,0.0019,0.0002,0.0002,0.0011,0.0009,0.0002,0.0001,0,-0.0001,0.0217,0.0033,0.0063,0.0084,0.0034,0.0103,0.0034,0.0061,0.0053,0.0147,0.0046,0.0093,0.0096,0.0147,0.0185,5/22/2019
C22MAH2_S1_I10_PostAPS_Line1,near_edge?,49,40,20,100,0,474,25,68.253,33.003,0.03,0.037,-0.002,0.026,0.119,0.014,0.02,0.128,0.087,0.022,0.007,0.018,0.005,101.765,50.188,49.474,0.021,0.024,-0.001,0.021,0.102,0.009,0.012,0.055,0.066,0.018,0.003,0.008,0.001093,1,S,1.0144,1,0.0004,0.0005,0,0.0004,0.0021,0.0002,0.0002,0.0011,0.0013,0.0004,0.0001,0.0002,0,0.0217,0.0033,0.0063,0.0084,0.0034,0.0103,0.0034,0.0061,0.0053,0.0147,0.0046,0.0093,0.0096,0.0147,0.0185,5/22/2019
C22MAH2_S1_I10_PostAPS_Line2,N/A,50,40,20,100,0,475,1,67.695,32.997,0.024,0.063,-0.002,0.014,0.118,0.005,0.01,0.133,0.119,0.001,0.011,0.025,0.012,101.224,49.983,49.671,0.017,0.042,-0.002,0.011,0.102,0.003,0.006,0.057,0.091,0.001,0.004,0.011,0.002852,1,S,1.0063,1,0.0003,0.0008,0,0.0002,0.0021,0.0001,0.0001,0.0011,0.0018,0,0.0001,0.0002,0.0001,0.0217,0.0033,0.0063,0.0084,0.0034,0.0103,0.0034,0.0061,0.0053,0.0147,0.0046,0.0093,0.0096,0.0147,0.0185,5/22/2019
C22MAH2_S1_I10_PostAPS_Line2,seems_okay?,50,40,20,100,0,476,2,68.252,33.128,0.037,0.04,0.001,0.023,0.129,0.009,0.011,0.13,0.096,0.01,0.007,0.014,0.019,101.907,50.089,49.566,0.025,0.027,0.001,0.019,0.111,0.006,0.007,0.056,0.073,0.009,0.003,0.006,0.004339,1,S,1.0105,1,0.0005,0.0005,0,0.0004,0.0022,0.0001,0.0001,0.0011,0.0015,0.0002,0.0001,0.0001,0.0001,0.0217,0.0033,0.0063,0.0084,0.0034,0.0103,0.0034,0.0061,0.0053,0.0147,0.0046,0.0093,0.0096,0.0147,0.0185,5/22/2019
C22MAH2_S1_I10_PostAPS_Line2,N/A,50,40,20,100,0,477,3,67.697,33.083,0.008,0.052,0,0.019,0.113,0.02,0.012,0.113,0.104,0.011,0.006,0.03,0.011,101.279,49.928,49.744,0.006,0.035,0,0.015,0.097,0.013,0.008,0.048,0.079,0.009,0.003,0.013,0.002542,1,S,1.0037,1,0.0001,0.0007,0,0.0003,0.002,0.0003,0.0002,0.001,0.0016,0.0002,0.0001,0.0003,0.0001,0.0217,0.0033,0.0063,0.0084,0.0034,0.0103,0.0034,0.0061,0.0053,0.0147,0.0046,0.0093,0.0096,0.0147,0.0185,5/22/2019
C22MAH2_S1_I10_PostAPS_Line2,N/A,50,40,20,100,0,478,4,66.017,32.438,-0.003,0.041,-0.003,-0.008,0.123,0.007,-0.002,0.126,0.097,-0.01,0.013,0.001,-0.002,98.836,49.829,49.915,-0.002,0.028,-0.003,-0.006,0.109,0.005,-0.001,0.055,0.075,-0.008,0.005,0,-0.00048,1,S,0.9983,1,0,0.0006,-0.0001,-0.0001,0.0022,0.0001,0,0.0011,0.0015,-0.0002,0.0001,0,0,0.0217,0.0033,0.0063,0.0084,0.0034,0.0104,0.0034,0.0061,0.0053,0.0146,0.0046,0.0095,0.0096,0.0147,0.0185,5/22/2019
C22MAH2_S1_I10_PostAPS_Line2,N/A,50,40,20,100,0,479,5,64.932,32.677,-0.006,0.039,-0.006,0.002,0.136,0.011,0.01,0.136,0.099,0.01,0.005,0.007,0.016,98.067,49.207,50.485,-0.004,0.027,-0.005,0.002,0.121,0.007,0.006,0.06,0.077,0.008,0.002,0.003,0.003752,1,S,0.9747,1,-0.0001,0.0005,-0.0001,0,0.0024,0.0001,0.0001,0.0012,0.0015,0.0002,0,0.0001,0.0001,0.0216,0.0033,0.0063,0.0084,0.0034,0.0104,0.0034,0.006,0.0053,0.0146,0.0046,0.0094,0.0096,0.0147,0.0185,5/22/2019
C22MAH2_S1_I10_PostAPS_Line2,N/A,50,40,20,100,0,480,6,65.36,32.674,-0.005,0.033,-0.004,0.015,0.137,0.007,0.013,0.164,0.091,0.007,0.012,0.017,-0.011,98.51,49.367,50.313,-0.003,0.022,-0.004,0.013,0.121,0.004,0.008,0.072,0.071,0.006,0.005,0.008,-0.00252,1,S,0.9812,1,-0.0001,0.0004,-0.0001,0.0003,0.0024,0.0001,0.0002,0.0014,0.0014,0.0001,0.0001,0.0002,-0.0001,0.0217,0.0033,0.0063,0.0084,0.0034,0.0104,0.0034,0.006,0.0053,0.0146,0.0046,0.0094,0.0096,0.0147,0.0185,5/22/2019
C22MAH2_S1_I10_PostAPS_Line2,N/A,50,40,20,100,0,481,7,65.569,32.246,-0.008,-0.017,-0.004,0.019,0.156,0.017,0.014,0.193,-0.001,0.008,0.005,0.008,0.009,98.215,49.808,49.938,-0.006,-0.012,-0.004,0.016,0.139,0.011,0.009,0.085,0,0.007,0.002,0.004,0.002247,1,S,0.9974,1,-0.0001,-0.0002,-0.0001,0.0003,0.0028,0.0002,0.0002,0.0017,0,0.0001,0,0.0001,0,0.0217,0.0033,0.0063,0.0084,0.0034,0.0103,0.0034,0.006,0.0053,0.0146,0.0046,0.0093,0.0096,0.0147,0.0185,5/22/2019
C22MAH2_S1_I10_PostAPS_Line2,N/A,50,40,20,100,0,482,8,64.74,32.92,-0.005,0.004,-0.004,0.016,0.142,0.013,0.019,0.18,0.052,0.006,0.006,0.023,-0.007,98.105,48.956,50.753,-0.004,0.003,-0.004,0.013,0.126,0.008,0.012,0.079,0.04,0.005,0.002,0.011,-0.00171,1,S,0.9646,1,-0.0001,0.0001,-0.0001,0.0003,0.0025,0.0002,0.0002,0.0016,0.0008,0.0001,0,0.0002,0,0.0216,0.0033,0.0063,0.0084,0.0034,0.0104,0.0034,0.006,0.0053,0.0146,0.0046,0.0094,0.0096,0.0147,0.0184,5/22/2019
C22MAH2_S1_I10_PostAPS_Line2,N/A,50,40,20,100,0,492,18,66.341,32.772,0.006,0.041,-0.004,0.01,0.102,0.004,0.002,0.107,0.096,0.006,-0.001,0.008,0.01,99.501,49.692,50.046,0.004,0.028,-0.003,0.009,0.09,0.003,0.001,0.046,0.074,0.005,0,0.004,0.002392,1,S,0.9929,1,0.0001,0.0006,-0.0001,0.0002,0.0018,0.0001,0,0.0009,0.0015,0.0001,0,0.0001,0,0.0217,0.0033,0.0063,0.0084,0.0034,0.0103,0.0034,0.006,0.0053,0.0146,0.0046,0.0093,0.0096,0.0147,0.0185,5/22/2019
C22MAH2_S1_I10_PostAPS_Line2,N/A,50,40,20,100,0,493,19,67.005,32.8,0.036,0.053,0.001,0.012,0.118,0.008,0.003,0.116,0.108,0.009,0.004,-0.006,0.018,100.284,49.888,49.788,0.025,0.035,0,0.01,0.103,0.005,0.002,0.05,0.083,0.007,0.002,-0.003,0.004307,1,S,1.002,1,0.0005,0.0007,0,0.0002,0.0021,0.0001,0,0.001,0.0017,0.0002,0,-0.0001,0.0001,0.0217,0.0033,0.0063,0.0084,0.0034,0.0103,0.0034,0.006,0.0053,0.0146,0.0046,0.0093,0.0096,0.0147,0.0185,5/22/2019
C22MAH2_S1_I10_PostAPS_Line2,close_to_edge,50,40,20,100,0,494,20,66.847,32.952,0.052,0.065,0.002,0.013,0.124,0.006,0.005,0.123,0.117,0.012,0.009,0.018,0.005,100.35,49.69,49.937,0.036,0.044,0.002,0.011,0.108,0.004,0.003,0.053,0.089,0.01,0.004,0.008,0.001228,1,S,0.995,1,0.0007,0.0009,0,0.0002,0.0022,0.0001,0.0001,0.0011,0.0018,0.0002,0.0001,0.0002,0,0.0217,0.0033,0.0063,0.0084,0.0034,0.0103,0.0034,0.006,0.0053,0.0146,0.0046,0.0093,0.0096,0.0147,0.0185,5/22/2019
C22MAH2_S1_I22_XANES3_,N/A,51,40,20,100,0,495,1,66.682,32.664,0.073,0.052,0.001,0.019,0.131,-0.005,0,0.181,0.118,0.013,-0.001,0.012,0.008,99.946,49.833,49.767,0.051,0.035,0.001,0.016,0.114,-0.003,0,0.079,0.091,0.011,-0.001,0.005,0.001846,1,S,1.0013,1,0.001,0.0007,0,0.0003,0.0023,-0.0001,0,0.0016,0.0018,0.0002,0,0.0001,0,0.0217,0.0033,0.0063,0.0084,0.0034,0.0103,0.0034,0.006,0.0053,0.0146,0.0046,0.0093,0.0096,0.0147,0.0185,5/22/2019
C22MAH2_S1_I22_XANES3_,N/A,51,40,20,100,0,496,2,66.733,32.869,0.066,0.071,0.004,0.016,0.112,0.01,0.006,0.186,0.143,0.017,0.005,0.007,0,100.246,49.683,49.89,0.046,0.048,0.004,0.013,0.098,0.007,0.004,0.08,0.11,0.014,0.002,0.003,0.000116,1,S,0.9958,1,0.0009,0.001,0.0001,0.0003,0.002,0.0001,0.0001,0.0016,0.0022,0.0003,0,0.0001,0,0.0217,0.0033,0.0063,0.0084,0.0034,0.0103,0.0034,0.006,0.0053,0.0146,0.0046,0.0093,0.0096,0.0147,0.0185,5/23/2019
C22MAH2_S1_I22_XANES3_,N/A,51,40,20,100,0,497,3,66.497,32.924,0.061,0.068,0,0.03,0.118,0.014,0.008,0.245,0.124,0.022,0.008,0.02,-0.004,100.135,49.536,50.003,0.042,0.046,0,0.024,0.103,0.009,0.005,0.106,0.095,0.018,0.003,0.009,-0.00102,1,S,0.9907,1,0.0008,0.0009,0,0.0005,0.0021,0.0002,0.0001,0.0021,0.0019,0.0004,0.0001,0.0002,0,0.0217,0.0033,0.0063,0.0084,0.0034,0.0103,0.0034,0.006,0.0053,0.0146,0.0046,0.0094,0.0096,0.0147,0.0185,5/23/2019
C22MAH2_S1_I22_XANES3_,N/A,51,40,20,100,0,498,4,66.553,32.867,0.091,0.05,0.001,0.015,0.123,0.005,0.014,0.193,0.118,0.029,0.004,0.002,-0.005,100.059,49.616,49.955,0.063,0.034,0.001,0.013,0.107,0.003,0.009,0.084,0.09,0.024,0.002,0.001,-0.00128,1,S,0.9932,1,0.0013,0.0007,0,0.0003,0.0021,0.0001,0.0002,0.0017,0.0018,0.0005,0,0,0,0.0217,0.0033,0.0063,0.0084,0.0034,0.0103,0.0034,0.006,0.0053,0.0146,0.0046,0.0093,0.0096,0.0147,0.0185,5/23/2019
C22MAH2_S1_I22_XANES3_,N/A,51,40,20,100,0,499,5,66.34,32.958,0.075,0.025,0.001,0.028,0.159,0.003,0.007,0.394,0.053,0.015,0.014,0.009,-0.006,100.074,49.448,50.083,0.052,0.017,0.001,0.023,0.138,0.002,0.004,0.171,0.04,0.012,0.006,0.004,-0.0014,1,S,0.9873,1,0.001,0.0003,0,0.0005,0.0028,0,0.0001,0.0034,0.0008,0.0002,0.0001,0.0001,0,0.0217,0.0033,0.0063,0.0084,0.0034,0.0104,0.0034,0.006,0.0053,0.0146,0.0046,0.0094,0.0096,0.0147,0.0185,5/23/2019
C55STJ4_S1_I14_XANES6_,looks_fine,58,40,20,100,0,587,1,65.795,32.21,0.046,0.041,-0.002,0.012,0.114,-0.003,0.001,0.101,0.072,0.012,0.001,-0.001,-0.014,98.387,49.91,49.813,0.033,0.028,-0.001,0.01,0.101,-0.002,0.001,0.045,0.056,0.01,0.001,0,-0.00327,1,S,1.002,1,0.0007,0.0006,0,0.0002,0.002,0,0,0.0009,0.0011,0.0002,0,0,-0.0001,0.022,0.0033,0.0063,0.0084,0.0034,0.0103,0.0034,0.006,0.0053,0.0146,0.0046,0.0093,0.0096,0.0146,0.0185,5/23/2019
C55STJ4_S1_I14_XANES6_,N/A,58,40,20,100,0,588,2,66.013,32.183,0.078,0.034,0.001,0.008,0.153,0.001,0.001,0.111,0.083,0.007,-0.003,0.01,-0.011,98.67,49.979,49.677,0.055,0.023,0.001,0.007,0.135,0.001,0.001,0.049,0.065,0.006,-0.001,0.005,-0.00269,1,S,1.0061,1,0.0011,0.0005,0,0.0001,0.0027,0,0,0.001,0.0013,0.0001,0,0.0001,-0.0001,0.0221,0.0033,0.0063,0.0084,0.0034,0.0103,0.0034,0.006,0.0053,0.0146,0.0046,0.0093,0.0096,0.0146,0.0185,5/23/2019
C55STJ4_S1_I14_XANES3_,small_grain_-_10_um,60,40,20,100,0,591,1,66.088,32.137,0.057,0.045,-0.001,0.017,0.144,0.002,0.001,0.109,0.092,0.016,0.013,0.02,-0.012,98.727,50.036,49.606,0.04,0.031,-0.001,0.014,0.127,0.001,0,0.048,0.072,0.013,0.005,0.009,-0.00277,1,S,1.0087,1,0.0008,0.0006,0,0.0003,0.0026,0,0,0.001,0.0014,0.0003,0.0001,0.0002,-0.0001,0.022,0.0033,0.0063,0.0084,0.0034,0.0103,0.0034,0.006,0.0053,0.0146,0.0046,0.0093,0.0096,0.0146,0.0185,5/23/2019
C55STJ4_S1_I8_XANES10_,N/A,61,40,20,100,0,592,1,65.843,33.193,0.001,0.007,0.001,0.028,0.253,0.002,0.004,0.724,-0.004,0.017,0.018,0.013,0.006,100.106,49.023,50.385,0.001,0.005,0.001,0.023,0.221,0.001,0.002,0.313,-0.003,0.014,0.007,0.006,0.001338,1,S,0.973,1,0,0.0001,0,0.0005,0.0044,0,0,0.0062,-0.0001,0.0003,0.0001,0.0001,0,0.0221,0.0033,0.0063,0.0084,0.0034,0.0104,0.0035,0.006,0.0053,0.0146,0.0046,0.0094,0.0096,0.0146,0.0185,5/23/2019
C55STJ4_S1_I8_XANES2_,N/A,62,40,20,100,0,593,1,66.637,33.438,0.001,0.007,0.001,0.017,0.277,0.009,0.011,0.584,-0.013,0.012,0.016,0.008,0.004,101.009,49.167,50.3,0.001,0.004,0.001,0.014,0.239,0.006,0.007,0.251,-0.01,0.01,0.006,0.004,0.000941,1,S,0.9775,1,0,0.0001,0,0.0003,0.0048,0.0001,0.0001,0.005,-0.0002,0.0002,0.0001,0.0001,0,0.0221,0.0033,0.0063,0.0084,0.0034,0.0104,0.0035,0.006,0.0053,0.0146,0.0046,0.0094,0.0096,0.0146,0.0185,5/23/2019
C55STJ4_S1_I8_XANES2_,N/A,62,40,20,100,0,594,2,66.909,33.276,0.006,0.015,0.001,0.02,0.268,0,0.004,0.566,0.005,0.011,0.013,0.014,0.014,101.122,49.388,50.076,0.004,0.01,0.001,0.016,0.232,0,0.002,0.243,0.004,0.009,0.005,0.006,0.00324,1,S,0.9863,1,0.0001,0.0002,0,0.0003,0.0046,0,0,0.0049,0.0001,0.0002,0.0001,0.0001,0.0001,0.0221,0.0033,0.0063,0.0084,0.0034,0.0104,0.0035,0.006,0.0053,0.0146,0.0046,0.0094,0.0096,0.0146,0.0185,5/23/2019
C55STJ4_S1_I8_XANES2_,N/A,62,40,20,100,0,595,3,67.339,32.949,0.001,0.012,0,0.015,0.279,0.009,0.004,0.638,-0.002,0.005,0.004,0.012,-0.019,101.244,49.787,49.664,0,0.008,0,0.012,0.241,0.006,0.002,0.274,-0.001,0.004,0.002,0.005,-0.00454,1,S,1.0025,1,0,0.0002,0,0.0002,0.0049,0.0001,0,0.0055,0,0.0001,0,0.0001,-0.0001,0.0221,0.0033,0.0063,0.0084,0.0034,0.0104,0.0035,0.006,0.0053,0.0146,0.0046,0.0094,0.0096,0.0146,0.0185,5/23/2019
C55STJ4_S1_I8_XANES9_,N/A,63,40,20,100,0,596,1,66.928,33.077,0.003,0.008,0.001,0.011,0.293,0.003,0.002,0.747,-0.005,0.005,0.012,0.013,0.003,101.101,49.508,49.884,0.002,0.005,0.001,0.009,0.254,0.002,0.001,0.321,-0.004,0.004,0.005,0.006,0.000665,1,S,0.9925,1,0,0.0001,0,0.0002,0.0051,0,0,0.0064,-0.0001,0.0001,0.0001,0.0001,0,0.0221,0.0033,0.0063,0.0084,0.0034,0.0104,0.0035,0.006,0.0053,0.0146,0.0046,0.0094,0.0097,0.0146,0.0185,5/23/2019
C55STJ4_S1_I8_XANES1_,N/A,64,40,20,100,0,598,1,67.461,32.955,-0.002,0.01,0.001,0.013,0.229,0.008,0.003,0.58,-0.016,0.009,-0.003,0.005,0.005,101.257,49.868,49.664,-0.002,0.007,0.001,0.011,0.198,0.005,0.002,0.25,-0.012,0.007,-0.001,0.002,0.00125,1,S,1.0041,1,0,0.0001,0,0.0002,0.004,0.0001,0,0.005,-0.0002,0.0001,0,0,0,0.0221,0.0033,0.0063,0.0084,0.0034,0.0104,0.0035,0.006,0.0053,0.0146,0.0046,0.0094,0.0096,0.0146,0.0185,5/23/2019
C55STJ4_S1_I8_XANES1_,N/A,64,40,20,100,0,599,2,67.421,32.969,0.002,0.003,0,0.021,0.297,0.001,0.002,0.706,-0.016,0.002,0.017,0.018,0.013,101.458,49.781,49.629,0.001,0.002,0,0.017,0.257,0.001,0.001,0.303,-0.012,0.002,0.007,0.008,0.003072,1,S,1.0031,1,0,0,0,0.0004,0.0052,0,0,0.0061,-0.0003,0,0.0001,0.0002,0.0001,0.0221,0.0033,0.0063,0.0084,0.0034,0.0104,0.0035,0.006,0.0053,0.0146,0.0046,0.0094,0.0097,0.0146,0.0185,5/23/2019
C55STJ4_S1_I8_XANES1_,N/A,64,40,20,100,0,600,3,67.479,32.814,-0.001,-0.005,0.003,0.001,0.282,-0.017,-0.016,0.578,-0.009,-0.016,-0.006,0.004,-0.024,101.066,49.992,49.562,0,-0.003,0.003,0,0.244,-0.011,-0.01,0.249,-0.007,-0.013,-0.002,0.002,-0.00562,1,S,1.0087,1,0,-0.0001,0.0001,0,0.0049,-0.0002,-0.0002,0.005,-0.0001,-0.0003,-0.0001,0,-0.0001,0.0221,0.0033,0.0063,0.0084,0.0034,0.0104,0.0034,0.006,0.0053,0.0146,0.0046,0.0095,0.0096,0.0146,0.0185,5/23/2019
C55STJ4_S1_I8_XANES13_,N/A,65,40,20,100,0,601,1,66.123,32.457,-0.002,0,-0.002,0.023,0.241,0.005,0.003,0.717,-0.016,0.009,0.009,0,-0.008,99.557,49.71,49.747,-0.001,0,-0.002,0.019,0.212,0.003,0.002,0.314,-0.012,0.007,0.004,0,-0.00187,1,S,0.9993,1,0,0,0,0.0004,0.0043,0.0001,0,0.0063,-0.0002,0.0001,0.0001,0,0,0.0221,0.0033,0.0063,0.0084,0.0034,0.0104,0.0035,0.006,0.0053,0.0146,0.0046,0.0094,0.0097,0.0146,0.0185,5/23/2019
C55STJ4_S1_I8_XANES13_,N/A,65,40,20,100,0,602,2,65.793,32.567,-0.012,-0.015,-0.001,0.018,0.23,0.007,0.002,0.738,-0.019,0.01,0.003,0.004,-0.016,99.31,49.513,49.967,-0.008,-0.01,-0.001,0.015,0.203,0.005,0.001,0.323,-0.015,0.008,0.001,0.002,-0.00381,1,S,0.9909,1,-0.0002,-0.0002,0,0.0003,0.0041,0.0001,0,0.0065,-0.0003,0.0002,0,0,-0.0001,0.0221,0.0033,0.0063,0.0084,0.0034,0.0104,0.0035,0.006,0.0053,0.0146,0.0046,0.0094,0.0097,0.0146,0.0185,5/23/2019
C22MAH2_S1_I10_XANES6_,N/A,66,40,20,100,0,603,1,67.291,32.675,0.054,0.052,-0.002,0.01,0.117,-0.007,-0.011,0.096,0.109,-0.004,0.007,0.007,-0.028,100.367,50.106,49.603,0.038,0.035,-0.002,0.008,0.102,-0.004,-0.007,0.042,0.083,-0.004,0.003,0.003,-0.00652,1,S,1.0101,1,0.0008,0.0007,0,0.0002,0.0021,-0.0001,-0.0001,0.0008,0.0017,-0.0001,0.0001,0.0001,-0.0001,0.022,0.0033,0.0063,0.0084,0.0034,0.0103,0.0034,0.006,0.0053,0.0146,0.0046,0.0094,0.0096,0.0146,0.0185,5/23/2019
C22MAH2_S1_I10_XANES6_,N/A,66,40,20,100,0,604,2,67.572,32.866,0.031,0.047,0,0.015,0.12,-0.004,0.004,0.132,0.089,0.01,0.008,-0.005,-0.01,100.875,50.059,49.639,0.021,0.032,0,0.012,0.104,-0.003,0.002,0.057,0.068,0.009,0.003,-0.002,-0.00244,1,S,1.0085,1,0.0004,0.0006,0,0.0002,0.0021,-0.0001,0,0.0011,0.0014,0.0002,0.0001,-0.0001,-0.0001,0.022,0.0033,0.0063,0.0084,0.0034,0.0103,0.0034,0.006,0.0053,0.0146,0.0046,0.0093,0.0096,0.0146,0.0185,5/23/2019
C22MAH2_S1_I10_XANES9_,holes_in_ZnS_nearby_but_spot_over_5_um_holes,67,40,20,100,0,605,1,65.379,32.598,0.015,0.044,-0.004,0.022,0.136,0.009,0.002,0.132,0.098,0.009,0.01,0.001,-0.015,98.437,49.429,50.245,0.011,0.03,-0.004,0.019,0.12,0.006,0.002,0.058,0.076,0.008,0.004,0,-0.00366,1,S,0.9838,1,0.0002,0.0006,-0.0001,0.0004,0.0024,0.0001,0,0.0012,0.0015,0.0002,0.0001,0,-0.0001,0.022,0.0033,0.0063,0.0084,0.0034,0.0103,0.0034,0.006,0.0053,0.0146,0.0046,0.0093,0.0096,0.0146,0.0185,5/23/2019
C22MAH2_S1_I10_XANES9_,N/A,67,40,20,100,0,606,2,66.46,32.645,0.02,0.03,-0.002,0.015,0.146,0.006,0.01,0.159,0.084,0.01,0.005,-0.004,-0.016,99.568,49.803,49.875,0.014,0.02,-0.001,0.012,0.128,0.004,0.006,0.069,0.065,0.009,0.002,-0.002,-0.00375,1,S,0.9986,1,0.0003,0.0004,0,0.0003,0.0026,0.0001,0.0001,0.0014,0.0013,0.0002,0,0,-0.0001,0.022,0.0033,0.0063,0.0084,0.0034,0.0103,0.0034,0.006,0.0053,0.0146,0.0046,0.0093,0.0096,0.0146,0.0185,5/23/2019
C22MAH2_S1_I10_XANES9_,N/A,67,40,20,100,0,607,3,65.935,32.449,0.005,0.044,-0.006,0.013,0.146,0.005,0.007,0.165,0.095,0.008,0.004,0.009,0.002,98.881,49.75,49.916,0.004,0.03,-0.005,0.011,0.129,0.003,0.004,0.072,0.074,0.007,0.002,0.004,0.0004,1,S,0.9967,1,0.0001,0.0006,-0.0001,0.0002,0.0026,0.0001,0.0001,0.0015,0.0015,0.0001,0,0.0001,0,0.022,0.0033,0.0063,0.0084,0.0034,0.0103,0.0034,0.006,0.0053,0.0146,0.0046,0.0093,0.0096,0.0146,0.0185,5/23/2019
C22MAH2_S1_I10_XANES7_,N/A,69,40,20,100,0,613,1,66.332,32.658,0.014,0.043,-0.004,0.018,0.124,0.009,0.006,0.116,0.099,0.018,0.008,0.014,-0.013,99.442,49.748,49.935,0.01,0.029,-0.003,0.015,0.109,0.006,0.004,0.051,0.077,0.015,0.003,0.006,-0.00319,1,S,0.9963,1,0.0002,0.0006,-0.0001,0.0003,0.0022,0.0001,0.0001,0.001,0.0015,0.0003,0.0001,0.0001,-0.0001,0.022,0.0033,0.0063,0.0084,0.0034,0.0104,0.0034,0.006,0.0053,0.0147,0.0046,0.0093,0.0096,0.0147,0.0185,5/23/2019
C22MAH2_S1_I10_XANES7_,N/A,69,40,20,100,0,614,2,67.397,32.707,0.012,0.049,-0.001,0.013,0.125,0.008,0.008,0.106,0.095,0.016,0.011,0.01,0.001,100.558,50.111,49.578,0.008,0.033,-0.001,0.011,0.109,0.005,0.005,0.046,0.073,0.013,0.004,0.005,0.000131,1,S,1.0108,1,0.0002,0.0007,0,0.0002,0.0022,0.0001,0.0001,0.0009,0.0015,0.0003,0.0001,0.0001,0,0.022,0.0033,0.0063,0.0084,0.0034,0.0103,0.0034,0.006,0.0053,0.0146,0.0046,0.0093,0.0096,0.0146,0.0185,5/23/2019
